DATAFLOW,LAST UPDATE,freq,reporter,partner,product,flow,indicators,TIME_PERIOD,OBS_VALUE
ESTAT:DS-045409(1.0),21/05/24 11:00:00,M,AT,EU27_2020_EXTRA,TOTAL,1,VALUE_IN_EUROS,2022-01,4801112416,
ESTAT:DS-045409(1.0),21/05/24 11:00:00,M,AT,EU27_2020_EXTRA,TOTAL,1,VALUE_IN_EUROS,2022-02,3984375022,
ESTAT:DS-045409(1.0),21/05/24 11:00:00,M,AT,EU27_2020_EXTRA,TOTAL,1,VALUE_IN_EUROS,2022-03,4912556477,
ESTAT:DS-045409(1.0),21/05/24 11:00:00,M,AT,EU27_2020_EXTRA,TOTAL,1,VALUE_IN_EUROS,2022-04,4766571973,
ESTAT:DS-045409(1.0),21/05/24 11:00:00,M,AT,EU27_2020_EXTRA,TOTAL,1,VALUE_IN_EUROS,2022-05,4737435398,
ESTAT:DS-045409(1.0),21/05/24 11:00:00,M,AT,EU27_2020_EXTRA,TOTAL,1,VALUE_IN_EUROS,2022-06,4044878293,
ESTAT:DS-045409(1.0),21/05/24 11:00:00,M,AT,EU27_2020_EXTRA,TOTAL,1,VALUE_IN_EUROS,2022-07,3937119221,
ESTAT:DS-045409(1.0),21/05/24 11:00:00,M,AT,EU27_2020_EXTRA,TOTAL,1,VALUE_IN_EUROS,2022-08,4473134529,
ESTAT:DS-045409(1.0),21/05/24 11:00:00,M,AT,EU27_2020_EXTRA,TOTAL,1,VALUE_IN_EUROS,2022-09,4789153047,
ESTAT:DS-045409(1.0),21/05/24 11:00:00,M,AT,EU27_2020_EXTRA,TOTAL,1,VALUE_IN_EUROS,2022-10,5249961790,
ESTAT:DS-045409(1.0),21/05/24 11:00:00,M,AT,EU27_2020_EXTRA,TOTAL,1,VALUE_IN_EUROS,2022-11,5605997136,
ESTAT:DS-045409(1.0),21/05/24 11:00:00,M,AT,EU27_2020_EXTRA,TOTAL,1,VALUE_IN_EUROS,2022-12,4060532698,
ESTAT:DS-045409(1.0),21/05/24 11:00:00,M,AT,EU27_2020_EXTRA,TOTAL,1,VALUE_IN_EUROS,2023-01,5527852893,
ESTAT:DS-045409(1.0),21/05/24 11:00:00,M,AT,EU27_2020_EXTRA,TOTAL,1,VALUE_IN_EUROS,2023-02,4289716345,
ESTAT:DS-045409(1.0),21/05/24 11:00:00,M,AT,EU27_2020_EXTRA,TOTAL,1,VALUE_IN_EUROS,2023-03,4824894143,
ESTAT:DS-045409(1.0),21/05/24 11:00:00,M,AT,EU27_2020_EXTRA,TOTAL,1,VALUE_IN_EUROS,2023-04,4576349681,
ESTAT:DS-045409(1.0),21/05/24 11:00:00,M,AT,EU27_2020_EXTRA,TOTAL,1,VALUE_IN_EUROS,2023-05,4606362440,
ESTAT:DS-045409(1.0),21/05/24 11:00:00,M,AT,EU27_2020_EXTRA,TOTAL,1,VALUE_IN_EUROS,2023-06,4206439851,
ESTAT:DS-045409(1.0),21/05/24 11:00:00,M,AT,EU27_2020_EXTRA,TOTAL,1,VALUE_IN_EUROS,2023-07,4281663528,
ESTAT:DS-045409(1.0),21/05/24 11:00:00,M,AT,EU27_2020_EXTRA,TOTAL,1,VALUE_IN_EUROS,2023-08,3473748548,
ESTAT:DS-045409(1.0),21/05/24 11:00:00,M,AT,EU27_2020_EXTRA,TOTAL,1,VALUE_IN_EUROS,2023-09,4115359807,
ESTAT:DS-045409(1.0),21/05/24 11:00:00,M,AT,EU27_2020_EXTRA,TOTAL,1,VALUE_IN_EUROS,2023-10,4096925116,
ESTAT:DS-045409(1.0),21/05/24 11:00:00,M,AT,EU27_2020_EXTRA,TOTAL,1,VALUE_IN_EUROS,2023-11,4106268732,
ESTAT:DS-045409(1.0),21/05/24 11:00:00,M,AT,EU27_2020_EXTRA,TOTAL,1,VALUE_IN_EUROS,2023-12,2977074611,
ESTAT:DS-045409(1.0),21/05/24 11:00:00,M,AT,EU27_2020_EXTRA,TOTAL,1,VALUE_IN_EUROS,2024-01,3441999681,
ESTAT:DS-045409(1.0),21/05/24 11:00:00,M,AT,EU27_2020_EXTRA,TOTAL,1,VALUE_IN_EUROS,2024-02,3272094094,
ESTAT:DS-045409(1.0),21/05/24 11:00:00,M,AT,EU27_2020_EXTRA,TOTAL,1,VALUE_IN_EUROS,2024-03,3369080488,
ESTAT:DS-045409(1.0),21/05/24 11:00:00,M,BE,EU27_2020_EXTRA,TOTAL,1,VALUE_IN_EUROS,2022-01,17933734809,
ESTAT:DS-045409(1.0),21/05/24 11:00:00,M,BE,EU27_2020_EXTRA,TOTAL,1,VALUE_IN_EUROS,2022-02,17498688109,
ESTAT:DS-045409(1.0),21/05/24 11:00:00,M,BE,EU27_2020_EXTRA,TOTAL,1,VALUE_IN_EUROS,2022-03,20675377627,
ESTAT:DS-045409(1.0),21/05/24 11:00:00,M,BE,EU27_2020_EXTRA,TOTAL,1,VALUE_IN_EUROS,2022-04,20525832066,
ESTAT:DS-045409(1.0),21/05/24 11:00:00,M,BE,EU27_2020_EXTRA,TOTAL,1,VALUE_IN_EUROS,2022-05,20908816914,
ESTAT:DS-045409(1.0),21/05/24 11:00:00,M,BE,EU27_2020_EXTRA,TOTAL,1,VALUE_IN_EUROS,2022-06,20817287649,
ESTAT:DS-045409(1.0),21/05/24 11:00:00,M,BE,EU27_2020_EXTRA,TOTAL,1,VALUE_IN_EUROS,2022-07,21233451291,
ESTAT:DS-045409(1.0),21/05/24 11:00:00,M,BE,EU27_2020_EXTRA,TOTAL,1,VALUE_IN_EUROS,2022-08,24197083687,
ESTAT:DS-045409(1.0),21/05/24 11:00:00,M,BE,EU27_2020_EXTRA,TOTAL,1,VALUE_IN_EUROS,2022-09,23554120020,
ESTAT:DS-045409(1.0),21/05/24 11:00:00,M,BE,EU27_2020_EXTRA,TOTAL,1,VALUE_IN_EUROS,2022-10,20674491775,
ESTAT:DS-045409(1.0),21/05/24 11:00:00,M,BE,EU27_2020_EXTRA,TOTAL,1,VALUE_IN_EUROS,2022-11,19150388870,
ESTAT:DS-045409(1.0),21/05/24 11:00:00,M,BE,EU27_2020_EXTRA,TOTAL,1,VALUE_IN_EUROS,2022-12,18891106356,
ESTAT:DS-045409(1.0),21/05/24 11:00:00,M,BE,EU27_2020_EXTRA,TOTAL,1,VALUE_IN_EUROS,2023-01,20856187384,
ESTAT:DS-045409(1.0),21/05/24 11:00:00,M,BE,EU27_2020_EXTRA,TOTAL,1,VALUE_IN_EUROS,2023-02,17495676434,
ESTAT:DS-045409(1.0),21/05/24 11:00:00,M,BE,EU27_2020_EXTRA,TOTAL,1,VALUE_IN_EUROS,2023-03,19334388456,
ESTAT:DS-045409(1.0),21/05/24 11:00:00,M,BE,EU27_2020_EXTRA,TOTAL,1,VALUE_IN_EUROS,2023-04,17167328988,
ESTAT:DS-045409(1.0),21/05/24 11:00:00,M,BE,EU27_2020_EXTRA,TOTAL,1,VALUE_IN_EUROS,2023-05,16215030966,
ESTAT:DS-045409(1.0),21/05/24 11:00:00,M,BE,EU27_2020_EXTRA,TOTAL,1,VALUE_IN_EUROS,2023-06,15082559831,
ESTAT:DS-045409(1.0),21/05/24 11:00:00,M,BE,EU27_2020_EXTRA,TOTAL,1,VALUE_IN_EUROS,2023-07,13693684581,
ESTAT:DS-045409(1.0),21/05/24 11:00:00,M,BE,EU27_2020_EXTRA,TOTAL,1,VALUE_IN_EUROS,2023-08,14468986849,
ESTAT:DS-045409(1.0),21/05/24 11:00:00,M,BE,EU27_2020_EXTRA,TOTAL,1,VALUE_IN_EUROS,2023-09,13718971878,
ESTAT:DS-045409(1.0),21/05/24 11:00:00,M,BE,EU27_2020_EXTRA,TOTAL,1,VALUE_IN_EUROS,2023-10,15921174984,
ESTAT:DS-045409(1.0),21/05/24 11:00:00,M,BE,EU27_2020_EXTRA,TOTAL,1,VALUE_IN_EUROS,2023-11,14402336801,
ESTAT:DS-045409(1.0),21/05/24 11:00:00,M,BE,EU27_2020_EXTRA,TOTAL,1,VALUE_IN_EUROS,2023-12,13368703817,
ESTAT:DS-045409(1.0),21/05/24 11:00:00,M,BE,EU27_2020_EXTRA,TOTAL,1,VALUE_IN_EUROS,2024-01,14977879939,
ESTAT:DS-045409(1.0),21/05/24 11:00:00,M,BE,EU27_2020_EXTRA,TOTAL,1,VALUE_IN_EUROS,2024-02,13954534987,
ESTAT:DS-045409(1.0),21/05/24 11:00:00,M,BE,EU27_2020_EXTRA,TOTAL,1,VALUE_IN_EUROS,2024-03,14810642972,
ESTAT:DS-045409(1.0),21/05/24 11:00:00,M,BG,EU27_2020_EXTRA,TOTAL,1,VALUE_IN_EUROS,2022-01,1795098166,
ESTAT:DS-045409(1.0),21/05/24 11:00:00,M,BG,EU27_2020_EXTRA,TOTAL,1,VALUE_IN_EUROS,2022-02,1689273730,
ESTAT:DS-045409(1.0),21/05/24 11:00:00,M,BG,EU27_2020_EXTRA,TOTAL,1,VALUE_IN_EUROS,2022-03,1885555237,
ESTAT:DS-045409(1.0),21/05/24 11:00:00,M,BG,EU27_2020_EXTRA,TOTAL,1,VALUE_IN_EUROS,2022-04,1980726562,
ESTAT:DS-045409(1.0),21/05/24 11:00:00,M,BG,EU27_2020_EXTRA,TOTAL,1,VALUE_IN_EUROS,2022-05,2019118518,
ESTAT:DS-045409(1.0),21/05/24 11:00:00,M,BG,EU27_2020_EXTRA,TOTAL,1,VALUE_IN_EUROS,2022-06,2385159869,
ESTAT:DS-045409(1.0),21/05/24 11:00:00,M,BG,EU27_2020_EXTRA,TOTAL,1,VALUE_IN_EUROS,2022-07,2307070468,
ESTAT:DS-045409(1.0),21/05/24 11:00:00,M,BG,EU27_2020_EXTRA,TOTAL,1,VALUE_IN_EUROS,2022-08,1948680937,
ESTAT:DS-045409(1.0),21/05/24 11:00:00,M,BG,EU27_2020_EXTRA,TOTAL,1,VALUE_IN_EUROS,2022-09,2487718531,
ESTAT:DS-045409(1.0),21/05/24 11:00:00,M,BG,EU27_2020_EXTRA,TOTAL,1,VALUE_IN_EUROS,2022-10,2330539304,
ESTAT:DS-045409(1.0),21/05/24 11:00:00,M,BG,EU27_2020_EXTRA,TOTAL,1,VALUE_IN_EUROS,2022-11,2074420971,
ESTAT:DS-045409(1.0),21/05/24 11:00:00,M,BG,EU27_2020_EXTRA,TOTAL,1,VALUE_IN_EUROS,2022-12,1792626733,
ESTAT:DS-045409(1.0),21/05/24 11:00:00,M,BG,EU27_2020_EXTRA,TOTAL,1,VALUE_IN_EUROS,2023-01,1820021614,
ESTAT:DS-045409(1.0),21/05/24 11:00:00,M,BG,EU27_2020_EXTRA,TOTAL,1,VALUE_IN_EUROS,2023-02,1647105645,
ESTAT:DS-045409(1.0),21/05/24 11:00:00,M,BG,EU27_2020_EXTRA,TOTAL,1,VALUE_IN_EUROS,2023-03,1588769668,
ESTAT:DS-045409(1.0),21/05/24 11:00:00,M,BG,EU27_2020_EXTRA,TOTAL,1,VALUE_IN_EUROS,2023-04,1426585117,
ESTAT:DS-045409(1.0),21/05/24 11:00:00,M,BG,EU27_2020_EXTRA,TOTAL,1,VALUE_IN_EUROS,2023-05,1621536274,
ESTAT:DS-045409(1.0),21/05/24 11:00:00,M,BG,EU27_2020_EXTRA,TOTAL,1,VALUE_IN_EUROS,2023-06,1540856932,
ESTAT:DS-045409(1.0),21/05/24 11:00:00,M,BG,EU27_2020_EXTRA,TOTAL,1,VALUE_IN_EUROS,2023-07,1597807790,
ESTAT:DS-045409(1.0),21/05/24 11:00:00,M,BG,EU27_2020_EXTRA,TOTAL,1,VALUE_IN_EUROS,2023-08,1722426444,
ESTAT:DS-045409(1.0),21/05/24 11:00:00,M,BG,EU27_2020_EXTRA,TOTAL,1,VALUE_IN_EUROS,2023-09,1694177249,
ESTAT:DS-045409(1.0),21/05/24 11:00:00,M,BG,EU27_2020_EXTRA,TOTAL,1,VALUE_IN_EUROS,2023-10,1790732949,
ESTAT:DS-045409(1.0),21/05/24 11:00:00,M,BG,EU27_2020_EXTRA,TOTAL,1,VALUE_IN_EUROS,2023-11,1802719244,
ESTAT:DS-045409(1.0),21/05/24 11:00:00,M,BG,EU27_2020_EXTRA,TOTAL,1,VALUE_IN_EUROS,2023-12,1563982956,
ESTAT:DS-045409(1.0),21/05/24 11:00:00,M,BG,EU27_2020_EXTRA,TOTAL,1,VALUE_IN_EUROS,2024-01,1488417147,
ESTAT:DS-045409(1.0),21/05/24 11:00:00,M,BG,EU27_2020_EXTRA,TOTAL,1,VALUE_IN_EUROS,2024-02,1521266574,
ESTAT:DS-045409(1.0),21/05/24 11:00:00,M,BG,EU27_2020_EXTRA,TOTAL,1,VALUE_IN_EUROS,2024-03,1906772972,
ESTAT:DS-045409(1.0),21/05/24 11:00:00,M,CY,EU27_2020_EXTRA,TOTAL,1,VALUE_IN_EUROS,2022-01,221683206,
ESTAT:DS-045409(1.0),21/05/24 11:00:00,M,CY,EU27_2020_EXTRA,TOTAL,1,VALUE_IN_EUROS,2022-02,318133420,
ESTAT:DS-045409(1.0),21/05/24 11:00:00,M,CY,EU27_2020_EXTRA,TOTAL,1,VALUE_IN_EUROS,2022-03,387631317,
ESTAT:DS-045409(1.0),21/05/24 11:00:00,M,CY,EU27_2020_EXTRA,TOTAL,1,VALUE_IN_EUROS,2022-04,309215383,
ESTAT:DS-045409(1.0),21/05/24 11:00:00,M,CY,EU27_2020_EXTRA,TOTAL,1,VALUE_IN_EUROS,2022-05,501199805,
ESTAT:DS-045409(1.0),21/05/24 11:00:00,M,CY,EU27_2020_EXTRA,TOTAL,1,VALUE_IN_EUROS,2022-06,632364732,
ESTAT:DS-045409(1.0),21/05/24 11:00:00,M,CY,EU27_2020_EXTRA,TOTAL,1,VALUE_IN_EUROS,2022-07,465905784,
ESTAT:DS-045409(1.0),21/05/24 11:00:00,M,CY,EU27_2020_EXTRA,TOTAL,1,VALUE_IN_EUROS,2022-08,360555081,
ESTAT:DS-045409(1.0),21/05/24 11:00:00,M,CY,EU27_2020_EXTRA,TOTAL,1,VALUE_IN_EUROS,2022-09,316600628,
ESTAT:DS-045409(1.0),21/05/24 11:00:00,M,CY,EU27_2020_EXTRA,TOTAL,1,VALUE_IN_EUROS,2022-10,368986629,
ESTAT:DS-045409(1.0),21/05/24 11:00:00,M,CY,EU27_2020_EXTRA,TOTAL,1,VALUE_IN_EUROS,2022-11,398894349,
ESTAT:DS-045409(1.0),21/05/24 11:00:00,M,CY,EU27_2020_EXTRA,TOTAL,1,VALUE_IN_EUROS,2022-12,296898151,
ESTAT:DS-045409(1.0),21/05/24 11:00:00,M,CY,EU27_2020_EXTRA,TOTAL,1,VALUE_IN_EUROS,2023-01,1197808707,
ESTAT:DS-045409(1.0),21/05/24 11:00:00,M,CY,EU27_2020_EXTRA,TOTAL,1,VALUE_IN_EUROS,2023-02,230336514,
ESTAT:DS-045409(1.0),21/05/24 11:00:00,M,CY,EU27_2020_EXTRA,TOTAL,1,VALUE_IN_EUROS,2023-03,375339711,
ESTAT:DS-045409(1.0),21/05/24 11:00:00,M,CY,EU27_2020_EXTRA,TOTAL,1,VALUE_IN_EUROS,2023-04,331757353,
ESTAT:DS-045409(1.0),21/05/24 11:00:00,M,CY,EU27_2020_EXTRA,TOTAL,1,VALUE_IN_EUROS,2023-05,397546605,
ESTAT:DS-045409(1.0),21/05/24 11:00:00,M,CY,EU27_2020_EXTRA,TOTAL,1,VALUE_IN_EUROS,2023-06,444050146,
ESTAT:DS-045409(1.0),21/05/24 11:00:00,M,CY,EU27_2020_EXTRA,TOTAL,1,VALUE_IN_EUROS,2023-07,410870567,
ESTAT:DS-045409(1.0),21/05/24 11:00:00,M,CY,EU27_2020_EXTRA,TOTAL,1,VALUE_IN_EUROS,2023-08,536784587,
ESTAT:DS-045409(1.0),21/05/24 11:00:00,M,CY,EU27_2020_EXTRA,TOTAL,1,VALUE_IN_EUROS,2023-09,459099452,
ESTAT:DS-045409(1.0),21/05/24 11:00:00,M,CY,EU27_2020_EXTRA,TOTAL,1,VALUE_IN_EUROS,2023-10,391611995,
ESTAT:DS-045409(1.0),21/05/24 11:00:00,M,CY,EU27_2020_EXTRA,TOTAL,1,VALUE_IN_EUROS,2023-11,440744476,
ESTAT:DS-045409(1.0),21/05/24 11:00:00,M,CY,EU27_2020_EXTRA,TOTAL,1,VALUE_IN_EUROS,2023-12,343748702,
ESTAT:DS-045409(1.0),21/05/24 11:00:00,M,CY,EU27_2020_EXTRA,TOTAL,1,VALUE_IN_EUROS,2024-01,341091922,
ESTAT:DS-045409(1.0),21/05/24 11:00:00,M,CY,EU27_2020_EXTRA,TOTAL,1,VALUE_IN_EUROS,2024-02,289847070,
ESTAT:DS-045409(1.0),21/05/24 11:00:00,M,CY,EU27_2020_EXTRA,TOTAL,1,VALUE_IN_EUROS,2024-03,264426467,
ESTAT:DS-045409(1.0),21/05/24 11:00:00,M,CZ,EU27_2020_EXTRA,TOTAL,1,VALUE_IN_EUROS,2022-01,4927660209,
ESTAT:DS-045409(1.0),21/05/24 11:00:00,M,CZ,EU27_2020_EXTRA,TOTAL,1,VALUE_IN_EUROS,2022-02,4241991345,
ESTAT:DS-045409(1.0),21/05/24 11:00:00,M,CZ,EU27_2020_EXTRA,TOTAL,1,VALUE_IN_EUROS,2022-03,4939142930,
ESTAT:DS-045409(1.0),21/05/24 11:00:00,M,CZ,EU27_2020_EXTRA,TOTAL,1,VALUE_IN_EUROS,2022-04,4561009426,
ESTAT:DS-045409(1.0),21/05/24 11:00:00,M,CZ,EU27_2020_EXTRA,TOTAL,1,VALUE_IN_EUROS,2022-05,4856913852,
ESTAT:DS-045409(1.0),21/05/24 11:00:00,M,CZ,EU27_2020_EXTRA,TOTAL,1,VALUE_IN_EUROS,2022-06,5428703776,
ESTAT:DS-045409(1.0),21/05/24 11:00:00,M,CZ,EU27_2020_EXTRA,TOTAL,1,VALUE_IN_EUROS,2022-07,4775967562,
ESTAT:DS-045409(1.0),21/05/24 11:00:00,M,CZ,EU27_2020_EXTRA,TOTAL,1,VALUE_IN_EUROS,2022-08,5591816737,
ESTAT:DS-045409(1.0),21/05/24 11:00:00,M,CZ,EU27_2020_EXTRA,TOTAL,1,VALUE_IN_EUROS,2022-09,6168548566,
ESTAT:DS-045409(1.0),21/05/24 11:00:00,M,CZ,EU27_2020_EXTRA,TOTAL,1,VALUE_IN_EUROS,2022-10,6088087114,
ESTAT:DS-045409(1.0),21/05/24 11:00:00,M,CZ,EU27_2020_EXTRA,TOTAL,1,VALUE_IN_EUROS,2022-11,6361477254,
ESTAT:DS-045409(1.0),21/05/24 11:00:00,M,CZ,EU27_2020_EXTRA,TOTAL,1,VALUE_IN_EUROS,2022-12,5041246357,
ESTAT:DS-045409(1.0),21/05/24 11:00:00,M,CZ,EU27_2020_EXTRA,TOTAL,1,VALUE_IN_EUROS,2023-01,5204463380,
ESTAT:DS-045409(1.0),21/05/24 11:00:00,M,CZ,EU27_2020_EXTRA,TOTAL,1,VALUE_IN_EUROS,2023-02,4613157101,
ESTAT:DS-045409(1.0),21/05/24 11:00:00,M,CZ,EU27_2020_EXTRA,TOTAL,1,VALUE_IN_EUROS,2023-03,4890143842,
ESTAT:DS-045409(1.0),21/05/24 11:00:00,M,CZ,EU27_2020_EXTRA,TOTAL,1,VALUE_IN_EUROS,2023-04,4776991952,
ESTAT:DS-045409(1.0),21/05/24 11:00:00,M,CZ,EU27_2020_EXTRA,TOTAL,1,VALUE_IN_EUROS,2023-05,4880125545,
ESTAT:DS-045409(1.0),21/05/24 11:00:00,M,CZ,EU27_2020_EXTRA,TOTAL,1,VALUE_IN_EUROS,2023-06,4384171165,
ESTAT:DS-045409(1.0),21/05/24 11:00:00,M,CZ,EU27_2020_EXTRA,TOTAL,1,VALUE_IN_EUROS,2023-07,5093471357,
ESTAT:DS-045409(1.0),21/05/24 11:00:00,M,CZ,EU27_2020_EXTRA,TOTAL,1,VALUE_IN_EUROS,2023-08,4574976217,
ESTAT:DS-045409(1.0),21/05/24 11:00:00,M,CZ,EU27_2020_EXTRA,TOTAL,1,VALUE_IN_EUROS,2023-09,4981667175,
ESTAT:DS-045409(1.0),21/05/24 11:00:00,M,CZ,EU27_2020_EXTRA,TOTAL,1,VALUE_IN_EUROS,2023-10,5464123651,
ESTAT:DS-045409(1.0),21/05/24 11:00:00,M,CZ,EU27_2020_EXTRA,TOTAL,1,VALUE_IN_EUROS,2023-11,5161118196,
ESTAT:DS-045409(1.0),21/05/24 11:00:00,M,CZ,EU27_2020_EXTRA,TOTAL,1,VALUE_IN_EUROS,2023-12,4239125887,
ESTAT:DS-045409(1.0),21/05/24 11:00:00,M,CZ,EU27_2020_EXTRA,TOTAL,1,VALUE_IN_EUROS,2024-01,5273181371,
ESTAT:DS-045409(1.0),21/05/24 11:00:00,M,CZ,EU27_2020_EXTRA,TOTAL,1,VALUE_IN_EUROS,2024-02,4863452120,
ESTAT:DS-045409(1.0),21/05/24 11:00:00,M,CZ,EU27_2020_EXTRA,TOTAL,1,VALUE_IN_EUROS,2024-03,4644898862,
ESTAT:DS-045409(1.0),21/05/24 11:00:00,M,DE,EU27_2020_EXTRA,TOTAL,1,VALUE_IN_EUROS,2022-01,44368988470,
ESTAT:DS-045409(1.0),21/05/24 11:00:00,M,DE,EU27_2020_EXTRA,TOTAL,1,VALUE_IN_EUROS,2022-02,41215580394,
ESTAT:DS-045409(1.0),21/05/24 11:00:00,M,DE,EU27_2020_EXTRA,TOTAL,1,VALUE_IN_EUROS,2022-03,50751515386,
ESTAT:DS-045409(1.0),21/05/24 11:00:00,M,DE,EU27_2020_EXTRA,TOTAL,1,VALUE_IN_EUROS,2022-04,49000055642,
ESTAT:DS-045409(1.0),21/05/24 11:00:00,M,DE,EU27_2020_EXTRA,TOTAL,1,VALUE_IN_EUROS,2022-05,51840872051,
ESTAT:DS-045409(1.0),21/05/24 11:00:00,M,DE,EU27_2020_EXTRA,TOTAL,1,VALUE_IN_EUROS,2022-06,49565442012,
ESTAT:DS-045409(1.0),21/05/24 11:00:00,M,DE,EU27_2020_EXTRA,TOTAL,1,VALUE_IN_EUROS,2022-07,49206970043,
ESTAT:DS-045409(1.0),21/05/24 11:00:00,M,DE,EU27_2020_EXTRA,TOTAL,1,VALUE_IN_EUROS,2022-08,54300811167,
ESTAT:DS-045409(1.0),21/05/24 11:00:00,M,DE,EU27_2020_EXTRA,TOTAL,1,VALUE_IN_EUROS,2022-09,53318510805,
ESTAT:DS-045409(1.0),21/05/24 11:00:00,M,DE,EU27_2020_EXTRA,TOTAL,1,VALUE_IN_EUROS,2022-10,49488244421,
ESTAT:DS-045409(1.0),21/05/24 11:00:00,M,DE,EU27_2020_EXTRA,TOTAL,1,VALUE_IN_EUROS,2022-11,52022813350,
ESTAT:DS-045409(1.0),21/05/24 11:00:00,M,DE,EU27_2020_EXTRA,TOTAL,1,VALUE_IN_EUROS,2022-12,43096230402,
ESTAT:DS-045409(1.0),21/05/24 11:00:00,M,DE,EU27_2020_EXTRA,TOTAL,1,VALUE_IN_EUROS,2023-01,45420753860,
ESTAT:DS-045409(1.0),21/05/24 11:00:00,M,DE,EU27_2020_EXTRA,TOTAL,1,VALUE_IN_EUROS,2023-02,39381891700,
ESTAT:DS-045409(1.0),21/05/24 11:00:00,M,DE,EU27_2020_EXTRA,TOTAL,1,VALUE_IN_EUROS,2023-03,43435959304,
ESTAT:DS-045409(1.0),21/05/24 11:00:00,M,DE,EU27_2020_EXTRA,TOTAL,1,VALUE_IN_EUROS,2023-04,38496580576,
ESTAT:DS-045409(1.0),21/05/24 11:00:00,M,DE,EU27_2020_EXTRA,TOTAL,1,VALUE_IN_EUROS,2023-05,40673173494,
ESTAT:DS-045409(1.0),21/05/24 11:00:00,M,DE,EU27_2020_EXTRA,TOTAL,1,VALUE_IN_EUROS,2023-06,40595281721,
ESTAT:DS-045409(1.0),21/05/24 11:00:00,M,DE,EU27_2020_EXTRA,TOTAL,1,VALUE_IN_EUROS,2023-07,37214950890,
ESTAT:DS-045409(1.0),21/05/24 11:00:00,M,DE,EU27_2020_EXTRA,TOTAL,1,VALUE_IN_EUROS,2023-08,37942781758,
ESTAT:DS-045409(1.0),21/05/24 11:00:00,M,DE,EU27_2020_EXTRA,TOTAL,1,VALUE_IN_EUROS,2023-09,37717965548,
ESTAT:DS-045409(1.0),21/05/24 11:00:00,M,DE,EU27_2020_EXTRA,TOTAL,1,VALUE_IN_EUROS,2023-10,39275921392,
ESTAT:DS-045409(1.0),21/05/24 11:00:00,M,DE,EU27_2020_EXTRA,TOTAL,1,VALUE_IN_EUROS,2023-11,38867719739,
ESTAT:DS-045409(1.0),21/05/24 11:00:00,M,DE,EU27_2020_EXTRA,TOTAL,1,VALUE_IN_EUROS,2023-12,34112185712,
ESTAT:DS-045409(1.0),21/05/24 11:00:00,M,DE,EU27_2020_EXTRA,TOTAL,1,VALUE_IN_EUROS,2024-01,36026790653,
ESTAT:DS-045409(1.0),21/05/24 11:00:00,M,DE,EU27_2020_EXTRA,TOTAL,1,VALUE_IN_EUROS,2024-02,36313784035,
ESTAT:DS-045409(1.0),21/05/24 11:00:00,M,DE,EU27_2020_EXTRA,TOTAL,1,VALUE_IN_EUROS,2024-03,38068681332,
ESTAT:DS-045409(1.0),21/05/24 11:00:00,M,DK,EU27_2020_EXTRA,TOTAL,1,VALUE_IN_EUROS,2022-01,3092602380,
ESTAT:DS-045409(1.0),21/05/24 11:00:00,M,DK,EU27_2020_EXTRA,TOTAL,1,VALUE_IN_EUROS,2022-02,2938964837,
ESTAT:DS-045409(1.0),21/05/24 11:00:00,M,DK,EU27_2020_EXTRA,TOTAL,1,VALUE_IN_EUROS,2022-03,3258332662,
ESTAT:DS-045409(1.0),21/05/24 11:00:00,M,DK,EU27_2020_EXTRA,TOTAL,1,VALUE_IN_EUROS,2022-04,3326374170,
ESTAT:DS-045409(1.0),21/05/24 11:00:00,M,DK,EU27_2020_EXTRA,TOTAL,1,VALUE_IN_EUROS,2022-05,3462071024,
ESTAT:DS-045409(1.0),21/05/24 11:00:00,M,DK,EU27_2020_EXTRA,TOTAL,1,VALUE_IN_EUROS,2022-06,3385830976,
ESTAT:DS-045409(1.0),21/05/24 11:00:00,M,DK,EU27_2020_EXTRA,TOTAL,1,VALUE_IN_EUROS,2022-07,3462025545,
ESTAT:DS-045409(1.0),21/05/24 11:00:00,M,DK,EU27_2020_EXTRA,TOTAL,1,VALUE_IN_EUROS,2022-08,4041311004,
ESTAT:DS-045409(1.0),21/05/24 11:00:00,M,DK,EU27_2020_EXTRA,TOTAL,1,VALUE_IN_EUROS,2022-09,3556565415,
ESTAT:DS-045409(1.0),21/05/24 11:00:00,M,DK,EU27_2020_EXTRA,TOTAL,1,VALUE_IN_EUROS,2022-10,4049050619,
ESTAT:DS-045409(1.0),21/05/24 11:00:00,M,DK,EU27_2020_EXTRA,TOTAL,1,VALUE_IN_EUROS,2022-11,3341827674,
ESTAT:DS-045409(1.0),21/05/24 11:00:00,M,DK,EU27_2020_EXTRA,TOTAL,1,VALUE_IN_EUROS,2022-12,3148632348,
ESTAT:DS-045409(1.0),21/05/24 11:00:00,M,DK,EU27_2020_EXTRA,TOTAL,1,VALUE_IN_EUROS,2023-01,3210529893,
ESTAT:DS-045409(1.0),21/05/24 11:00:00,M,DK,EU27_2020_EXTRA,TOTAL,1,VALUE_IN_EUROS,2023-02,2878307153,
ESTAT:DS-045409(1.0),21/05/24 11:00:00,M,DK,EU27_2020_EXTRA,TOTAL,1,VALUE_IN_EUROS,2023-03,3081610393,
ESTAT:DS-045409(1.0),21/05/24 11:00:00,M,DK,EU27_2020_EXTRA,TOTAL,1,VALUE_IN_EUROS,2023-04,2973409462,
ESTAT:DS-045409(1.0),21/05/24 11:00:00,M,DK,EU27_2020_EXTRA,TOTAL,1,VALUE_IN_EUROS,2023-05,3740970513,
ESTAT:DS-045409(1.0),21/05/24 11:00:00,M,DK,EU27_2020_EXTRA,TOTAL,1,VALUE_IN_EUROS,2023-06,3456348442,
ESTAT:DS-045409(1.0),21/05/24 11:00:00,M,DK,EU27_2020_EXTRA,TOTAL,1,VALUE_IN_EUROS,2023-07,3724708597,
ESTAT:DS-045409(1.0),21/05/24 11:00:00,M,DK,EU27_2020_EXTRA,TOTAL,1,VALUE_IN_EUROS,2023-08,3637168050,
ESTAT:DS-045409(1.0),21/05/24 11:00:00,M,DK,EU27_2020_EXTRA,TOTAL,1,VALUE_IN_EUROS,2023-09,3793151397,
ESTAT:DS-045409(1.0),21/05/24 11:00:00,M,DK,EU27_2020_EXTRA,TOTAL,1,VALUE_IN_EUROS,2023-10,3892245431,
ESTAT:DS-045409(1.0),21/05/24 11:00:00,M,DK,EU27_2020_EXTRA,TOTAL,1,VALUE_IN_EUROS,2023-11,3856553896,
ESTAT:DS-045409(1.0),21/05/24 11:00:00,M,DK,EU27_2020_EXTRA,TOTAL,1,VALUE_IN_EUROS,2023-12,3830756028,
ESTAT:DS-045409(1.0),21/05/24 11:00:00,M,DK,EU27_2020_EXTRA,TOTAL,1,VALUE_IN_EUROS,2024-01,4140013575,
ESTAT:DS-045409(1.0),21/05/24 11:00:00,M,DK,EU27_2020_EXTRA,TOTAL,1,VALUE_IN_EUROS,2024-02,3621547064,
ESTAT:DS-045409(1.0),21/05/24 11:00:00,M,DK,EU27_2020_EXTRA,TOTAL,1,VALUE_IN_EUROS,2024-03,4238543118,
ESTAT:DS-045409(1.0),21/05/24 11:00:00,M,EE,EU27_2020_EXTRA,TOTAL,1,VALUE_IN_EUROS,2022-01,524932772,
ESTAT:DS-045409(1.0),21/05/24 11:00:00,M,EE,EU27_2020_EXTRA,TOTAL,1,VALUE_IN_EUROS,2022-02,496803670,
ESTAT:DS-045409(1.0),21/05/24 11:00:00,M,EE,EU27_2020_EXTRA,TOTAL,1,VALUE_IN_EUROS,2022-03,523046495,
ESTAT:DS-045409(1.0),21/05/24 11:00:00,M,EE,EU27_2020_EXTRA,TOTAL,1,VALUE_IN_EUROS,2022-04,538533124,
ESTAT:DS-045409(1.0),21/05/24 11:00:00,M,EE,EU27_2020_EXTRA,TOTAL,1,VALUE_IN_EUROS,2022-05,512403624,
ESTAT:DS-045409(1.0),21/05/24 11:00:00,M,EE,EU27_2020_EXTRA,TOTAL,1,VALUE_IN_EUROS,2022-06,494768830,
ESTAT:DS-045409(1.0),21/05/24 11:00:00,M,EE,EU27_2020_EXTRA,TOTAL,1,VALUE_IN_EUROS,2022-07,518513378,
ESTAT:DS-045409(1.0),21/05/24 11:00:00,M,EE,EU27_2020_EXTRA,TOTAL,1,VALUE_IN_EUROS,2022-08,432729717,
ESTAT:DS-045409(1.0),21/05/24 11:00:00,M,EE,EU27_2020_EXTRA,TOTAL,1,VALUE_IN_EUROS,2022-09,360577194,
ESTAT:DS-045409(1.0),21/05/24 11:00:00,M,EE,EU27_2020_EXTRA,TOTAL,1,VALUE_IN_EUROS,2022-10,395598344,
ESTAT:DS-045409(1.0),21/05/24 11:00:00,M,EE,EU27_2020_EXTRA,TOTAL,1,VALUE_IN_EUROS,2022-11,438588835,
ESTAT:DS-045409(1.0),21/05/24 11:00:00,M,EE,EU27_2020_EXTRA,TOTAL,1,VALUE_IN_EUROS,2022-12,288945524,
ESTAT:DS-045409(1.0),21/05/24 11:00:00,M,EE,EU27_2020_EXTRA,TOTAL,1,VALUE_IN_EUROS,2023-01,258251634,
ESTAT:DS-045409(1.0),21/05/24 11:00:00,M,EE,EU27_2020_EXTRA,TOTAL,1,VALUE_IN_EUROS,2023-02,224665689,
ESTAT:DS-045409(1.0),21/05/24 11:00:00,M,EE,EU27_2020_EXTRA,TOTAL,1,VALUE_IN_EUROS,2023-03,284562177,
ESTAT:DS-045409(1.0),21/05/24 11:00:00,M,EE,EU27_2020_EXTRA,TOTAL,1,VALUE_IN_EUROS,2023-04,273708720,
ESTAT:DS-045409(1.0),21/05/24 11:00:00,M,EE,EU27_2020_EXTRA,TOTAL,1,VALUE_IN_EUROS,2023-05,320177315,
ESTAT:DS-045409(1.0),21/05/24 11:00:00,M,EE,EU27_2020_EXTRA,TOTAL,1,VALUE_IN_EUROS,2023-06,280260235,
ESTAT:DS-045409(1.0),21/05/24 11:00:00,M,EE,EU27_2020_EXTRA,TOTAL,1,VALUE_IN_EUROS,2023-07,243954773,
ESTAT:DS-045409(1.0),21/05/24 11:00:00,M,EE,EU27_2020_EXTRA,TOTAL,1,VALUE_IN_EUROS,2023-08,278726146,
ESTAT:DS-045409(1.0),21/05/24 11:00:00,M,EE,EU27_2020_EXTRA,TOTAL,1,VALUE_IN_EUROS,2023-09,221416607,
ESTAT:DS-045409(1.0),21/05/24 11:00:00,M,EE,EU27_2020_EXTRA,TOTAL,1,VALUE_IN_EUROS,2023-10,243430966,
ESTAT:DS-045409(1.0),21/05/24 11:00:00,M,EE,EU27_2020_EXTRA,TOTAL,1,VALUE_IN_EUROS,2023-11,247733022,
ESTAT:DS-045409(1.0),21/05/24 11:00:00,M,EE,EU27_2020_EXTRA,TOTAL,1,VALUE_IN_EUROS,2023-12,265546474,
ESTAT:DS-045409(1.0),21/05/24 11:00:00,M,EE,EU27_2020_EXTRA,TOTAL,1,VALUE_IN_EUROS,2024-01,236867121,
ESTAT:DS-045409(1.0),21/05/24 11:00:00,M,EE,EU27_2020_EXTRA,TOTAL,1,VALUE_IN_EUROS,2024-02,233559785,
ESTAT:DS-045409(1.0),21/05/24 11:00:00,M,EE,EU27_2020_EXTRA,TOTAL,1,VALUE_IN_EUROS,2024-03,288307631,
ESTAT:DS-045409(1.0),21/05/24 11:00:00,M,ES,EU27_2020_EXTRA,TOTAL,1,VALUE_IN_EUROS,2022-01,17695335537,
ESTAT:DS-045409(1.0),21/05/24 11:00:00,M,ES,EU27_2020_EXTRA,TOTAL,1,VALUE_IN_EUROS,2022-02,17146739617,
ESTAT:DS-045409(1.0),21/05/24 11:00:00,M,ES,EU27_2020_EXTRA,TOTAL,1,VALUE_IN_EUROS,2022-03,18052290644,
ESTAT:DS-045409(1.0),21/05/24 11:00:00,M,ES,EU27_2020_EXTRA,TOTAL,1,VALUE_IN_EUROS,2022-04,20125437147,
ESTAT:DS-045409(1.0),21/05/24 11:00:00,M,ES,EU27_2020_EXTRA,TOTAL,1,VALUE_IN_EUROS,2022-05,20489568500,
ESTAT:DS-045409(1.0),21/05/24 11:00:00,M,ES,EU27_2020_EXTRA,TOTAL,1,VALUE_IN_EUROS,2022-06,21245321498,
ESTAT:DS-045409(1.0),21/05/24 11:00:00,M,ES,EU27_2020_EXTRA,TOTAL,1,VALUE_IN_EUROS,2022-07,20491277235,
ESTAT:DS-045409(1.0),21/05/24 11:00:00,M,ES,EU27_2020_EXTRA,TOTAL,1,VALUE_IN_EUROS,2022-08,20246663812,
ESTAT:DS-045409(1.0),21/05/24 11:00:00,M,ES,EU27_2020_EXTRA,TOTAL,1,VALUE_IN_EUROS,2022-09,20975987793,
ESTAT:DS-045409(1.0),21/05/24 11:00:00,M,ES,EU27_2020_EXTRA,TOTAL,1,VALUE_IN_EUROS,2022-10,19471064705,
ESTAT:DS-045409(1.0),21/05/24 11:00:00,M,ES,EU27_2020_EXTRA,TOTAL,1,VALUE_IN_EUROS,2022-11,19091184254,
ESTAT:DS-045409(1.0),21/05/24 11:00:00,M,ES,EU27_2020_EXTRA,TOTAL,1,VALUE_IN_EUROS,2022-12,17707428967,
ESTAT:DS-045409(1.0),21/05/24 11:00:00,M,ES,EU27_2020_EXTRA,TOTAL,1,VALUE_IN_EUROS,2023-01,17490929350,
ESTAT:DS-045409(1.0),21/05/24 11:00:00,M,ES,EU27_2020_EXTRA,TOTAL,1,VALUE_IN_EUROS,2023-02,16079051740,
ESTAT:DS-045409(1.0),21/05/24 11:00:00,M,ES,EU27_2020_EXTRA,TOTAL,1,VALUE_IN_EUROS,2023-03,17264251016,
ESTAT:DS-045409(1.0),21/05/24 11:00:00,M,ES,EU27_2020_EXTRA,TOTAL,1,VALUE_IN_EUROS,2023-04,15855314470,
ESTAT:DS-045409(1.0),21/05/24 11:00:00,M,ES,EU27_2020_EXTRA,TOTAL,1,VALUE_IN_EUROS,2023-05,17310684258,
ESTAT:DS-045409(1.0),21/05/24 11:00:00,M,ES,EU27_2020_EXTRA,TOTAL,1,VALUE_IN_EUROS,2023-06,15561806699,
ESTAT:DS-045409(1.0),21/05/24 11:00:00,M,ES,EU27_2020_EXTRA,TOTAL,1,VALUE_IN_EUROS,2023-07,16199494872,
ESTAT:DS-045409(1.0),21/05/24 11:00:00,M,ES,EU27_2020_EXTRA,TOTAL,1,VALUE_IN_EUROS,2023-08,14743408768,
ESTAT:DS-045409(1.0),21/05/24 11:00:00,M,ES,EU27_2020_EXTRA,TOTAL,1,VALUE_IN_EUROS,2023-09,15744394602,
ESTAT:DS-045409(1.0),21/05/24 11:00:00,M,ES,EU27_2020_EXTRA,TOTAL,1,VALUE_IN_EUROS,2023-10,16807002243,
ESTAT:DS-045409(1.0),21/05/24 11:00:00,M,ES,EU27_2020_EXTRA,TOTAL,1,VALUE_IN_EUROS,2023-11,16294595133,
ESTAT:DS-045409(1.0),21/05/24 11:00:00,M,ES,EU27_2020_EXTRA,TOTAL,1,VALUE_IN_EUROS,2023-12,14356687827,
ESTAT:DS-045409(1.0),21/05/24 11:00:00,M,ES,EU27_2020_EXTRA,TOTAL,1,VALUE_IN_EUROS,2024-01,15630765374,
ESTAT:DS-045409(1.0),21/05/24 11:00:00,M,ES,EU27_2020_EXTRA,TOTAL,1,VALUE_IN_EUROS,2024-02,14263222982,
ESTAT:DS-045409(1.0),21/05/24 11:00:00,M,ES,EU27_2020_EXTRA,TOTAL,1,VALUE_IN_EUROS,2024-03,14452832690,
ESTAT:DS-045409(1.0),21/05/24 11:00:00,M,EU27_2020,EU27_2020_EXTRA,TOTAL,1,VALUE_IN_EUROS,2022-01,218392201868,
ESTAT:DS-045409(1.0),21/05/24 11:00:00,M,EU27_2020,EU27_2020_EXTRA,TOTAL,1,VALUE_IN_EUROS,2022-02,209290100790,
ESTAT:DS-045409(1.0),21/05/24 11:00:00,M,EU27_2020,EU27_2020_EXTRA,TOTAL,1,VALUE_IN_EUROS,2022-03,250605815837,
ESTAT:DS-045409(1.0),21/05/24 11:00:00,M,EU27_2020,EU27_2020_EXTRA,TOTAL,1,VALUE_IN_EUROS,2022-04,243964357531,
ESTAT:DS-045409(1.0),21/05/24 11:00:00,M,EU27_2020,EU27_2020_EXTRA,TOTAL,1,VALUE_IN_EUROS,2022-05,258902499410,
ESTAT:DS-045409(1.0),21/05/24 11:00:00,M,EU27_2020,EU27_2020_EXTRA,TOTAL,1,VALUE_IN_EUROS,2022-06,260287353888,
ESTAT:DS-045409(1.0),21/05/24 11:00:00,M,EU27_2020,EU27_2020_EXTRA,TOTAL,1,VALUE_IN_EUROS,2022-07,255439947958,
ESTAT:DS-045409(1.0),21/05/24 11:00:00,M,EU27_2020,EU27_2020_EXTRA,TOTAL,1,VALUE_IN_EUROS,2022-08,273173789404,
ESTAT:DS-045409(1.0),21/05/24 11:00:00,M,EU27_2020,EU27_2020_EXTRA,TOTAL,1,VALUE_IN_EUROS,2022-09,279725085875,
ESTAT:DS-045409(1.0),21/05/24 11:00:00,M,EU27_2020,EU27_2020_EXTRA,TOTAL,1,VALUE_IN_EUROS,2022-10,265431736203,
ESTAT:DS-045409(1.0),21/05/24 11:00:00,M,EU27_2020,EU27_2020_EXTRA,TOTAL,1,VALUE_IN_EUROS,2022-11,259403678646,
ESTAT:DS-045409(1.0),21/05/24 11:00:00,M,EU27_2020,EU27_2020_EXTRA,TOTAL,1,VALUE_IN_EUROS,2022-12,231532238792,
ESTAT:DS-045409(1.0),21/05/24 11:00:00,M,EU27_2020,EU27_2020_EXTRA,TOTAL,1,VALUE_IN_EUROS,2023-01,237244640441,
ESTAT:DS-045409(1.0),21/05/24 11:00:00,M,EU27_2020,EU27_2020_EXTRA,TOTAL,1,VALUE_IN_EUROS,2023-02,207045115797,
ESTAT:DS-045409(1.0),21/05/24 11:00:00,M,EU27_2020,EU27_2020_EXTRA,TOTAL,1,VALUE_IN_EUROS,2023-03,225208160371,
ESTAT:DS-045409(1.0),21/05/24 11:00:00,M,EU27_2020,EU27_2020_EXTRA,TOTAL,1,VALUE_IN_EUROS,2023-04,207432564746,
ESTAT:DS-045409(1.0),21/05/24 11:00:00,M,EU27_2020,EU27_2020_EXTRA,TOTAL,1,VALUE_IN_EUROS,2023-05,220266582108,
ESTAT:DS-045409(1.0),21/05/24 11:00:00,M,EU27_2020,EU27_2020_EXTRA,TOTAL,1,VALUE_IN_EUROS,2023-06,207455037311,
ESTAT:DS-045409(1.0),21/05/24 11:00:00,M,EU27_2020,EU27_2020_EXTRA,TOTAL,1,VALUE_IN_EUROS,2023-07,201438386456,
ESTAT:DS-045409(1.0),21/05/24 11:00:00,M,EU27_2020,EU27_2020_EXTRA,TOTAL,1,VALUE_IN_EUROS,2023-08,198625171630,
ESTAT:DS-045409(1.0),21/05/24 11:00:00,M,EU27_2020,EU27_2020_EXTRA,TOTAL,1,VALUE_IN_EUROS,2023-09,203513464472,
ESTAT:DS-045409(1.0),21/05/24 11:00:00,M,EU27_2020,EU27_2020_EXTRA,TOTAL,1,VALUE_IN_EUROS,2023-10,216493826931,
ESTAT:DS-045409(1.0),21/05/24 11:00:00,M,EU27_2020,EU27_2020_EXTRA,TOTAL,1,VALUE_IN_EUROS,2023-11,208687680362,
ESTAT:DS-045409(1.0),21/05/24 11:00:00,M,EU27_2020,EU27_2020_EXTRA,TOTAL,1,VALUE_IN_EUROS,2023-12,185418955743,
ESTAT:DS-045409(1.0),21/05/24 11:00:00,M,EU27_2020,EU27_2020_EXTRA,TOTAL,1,VALUE_IN_EUROS,2024-01,193215428560,
ESTAT:DS-045409(1.0),21/05/24 11:00:00,M,EU27_2020,EU27_2020_EXTRA,TOTAL,1,VALUE_IN_EUROS,2024-02,188937911664,
ESTAT:DS-045409(1.0),21/05/24 11:00:00,M,EU27_2020,EU27_2020_EXTRA,TOTAL,1,VALUE_IN_EUROS,2024-03,197934890472,
ESTAT:DS-045409(1.0),21/05/24 11:00:00,M,FI,EU27_2020_EXTRA,TOTAL,1,VALUE_IN_EUROS,2022-01,2398517411,
ESTAT:DS-045409(1.0),21/05/24 11:00:00,M,FI,EU27_2020_EXTRA,TOTAL,1,VALUE_IN_EUROS,2022-02,2526772625,
ESTAT:DS-045409(1.0),21/05/24 11:00:00,M,FI,EU27_2020_EXTRA,TOTAL,1,VALUE_IN_EUROS,2022-03,2956343716,
ESTAT:DS-045409(1.0),21/05/24 11:00:00,M,FI,EU27_2020_EXTRA,TOTAL,1,VALUE_IN_EUROS,2022-04,2665817054,
ESTAT:DS-045409(1.0),21/05/24 11:00:00,M,FI,EU27_2020_EXTRA,TOTAL,1,VALUE_IN_EUROS,2022-05,2964847253,
ESTAT:DS-045409(1.0),21/05/24 11:00:00,M,FI,EU27_2020_EXTRA,TOTAL,1,VALUE_IN_EUROS,2022-06,2652283604,
ESTAT:DS-045409(1.0),21/05/24 11:00:00,M,FI,EU27_2020_EXTRA,TOTAL,1,VALUE_IN_EUROS,2022-07,2902115481,
ESTAT:DS-045409(1.0),21/05/24 11:00:00,M,FI,EU27_2020_EXTRA,TOTAL,1,VALUE_IN_EUROS,2022-08,2791951349,
ESTAT:DS-045409(1.0),21/05/24 11:00:00,M,FI,EU27_2020_EXTRA,TOTAL,1,VALUE_IN_EUROS,2022-09,2325574327,
ESTAT:DS-045409(1.0),21/05/24 11:00:00,M,FI,EU27_2020_EXTRA,TOTAL,1,VALUE_IN_EUROS,2022-10,2707540935,
ESTAT:DS-045409(1.0),21/05/24 11:00:00,M,FI,EU27_2020_EXTRA,TOTAL,1,VALUE_IN_EUROS,2022-11,2339711880,
ESTAT:DS-045409(1.0),21/05/24 11:00:00,M,FI,EU27_2020_EXTRA,TOTAL,1,VALUE_IN_EUROS,2022-12,2268138877,
ESTAT:DS-045409(1.0),21/05/24 11:00:00,M,FI,EU27_2020_EXTRA,TOTAL,1,VALUE_IN_EUROS,2023-01,2112723816,
ESTAT:DS-045409(1.0),21/05/24 11:00:00,M,FI,EU27_2020_EXTRA,TOTAL,1,VALUE_IN_EUROS,2023-02,1480297414,
ESTAT:DS-045409(1.0),21/05/24 11:00:00,M,FI,EU27_2020_EXTRA,TOTAL,1,VALUE_IN_EUROS,2023-03,2164596866,
ESTAT:DS-045409(1.0),21/05/24 11:00:00,M,FI,EU27_2020_EXTRA,TOTAL,1,VALUE_IN_EUROS,2023-04,1763177858,
ESTAT:DS-045409(1.0),21/05/24 11:00:00,M,FI,EU27_2020_EXTRA,TOTAL,1,VALUE_IN_EUROS,2023-05,2010579100,
ESTAT:DS-045409(1.0),21/05/24 11:00:00,M,FI,EU27_2020_EXTRA,TOTAL,1,VALUE_IN_EUROS,2023-06,1898700383,
ESTAT:DS-045409(1.0),21/05/24 11:00:00,M,FI,EU27_2020_EXTRA,TOTAL,1,VALUE_IN_EUROS,2023-07,2009367074,
ESTAT:DS-045409(1.0),21/05/24 11:00:00,M,FI,EU27_2020_EXTRA,TOTAL,1,VALUE_IN_EUROS,2023-08,1906241915,
ESTAT:DS-045409(1.0),21/05/24 11:00:00,M,FI,EU27_2020_EXTRA,TOTAL,1,VALUE_IN_EUROS,2023-09,1735662583,
ESTAT:DS-045409(1.0),21/05/24 11:00:00,M,FI,EU27_2020_EXTRA,TOTAL,1,VALUE_IN_EUROS,2023-10,1707989989,
ESTAT:DS-045409(1.0),21/05/24 11:00:00,M,FI,EU27_2020_EXTRA,TOTAL,1,VALUE_IN_EUROS,2023-11,1827178253,
ESTAT:DS-045409(1.0),21/05/24 11:00:00,M,FI,EU27_2020_EXTRA,TOTAL,1,VALUE_IN_EUROS,2023-12,2076592867,
ESTAT:DS-045409(1.0),21/05/24 11:00:00,M,FI,EU27_2020_EXTRA,TOTAL,1,VALUE_IN_EUROS,2024-01,1656841570,
ESTAT:DS-045409(1.0),21/05/24 11:00:00,M,FI,EU27_2020_EXTRA,TOTAL,1,VALUE_IN_EUROS,2024-02,1750348216,
ESTAT:DS-045409(1.0),21/05/24 11:00:00,M,FI,EU27_2020_EXTRA,TOTAL,1,VALUE_IN_EUROS,2024-03,1481373987,
ESTAT:DS-045409(1.0),21/05/24 11:00:00,M,FR,EU27_2020_EXTRA,TOTAL,1,VALUE_IN_EUROS,2022-01,21185894080,
ESTAT:DS-045409(1.0),21/05/24 11:00:00,M,FR,EU27_2020_EXTRA,TOTAL,1,VALUE_IN_EUROS,2022-02,20958626566,
ESTAT:DS-045409(1.0),21/05/24 11:00:00,M,FR,EU27_2020_EXTRA,TOTAL,1,VALUE_IN_EUROS,2022-03,25616937472,
ESTAT:DS-045409(1.0),21/05/24 11:00:00,M,FR,EU27_2020_EXTRA,TOTAL,1,VALUE_IN_EUROS,2022-04,23493930639,
ESTAT:DS-045409(1.0),21/05/24 11:00:00,M,FR,EU27_2020_EXTRA,TOTAL,1,VALUE_IN_EUROS,2022-05,25640621153,
ESTAT:DS-045409(1.0),21/05/24 11:00:00,M,FR,EU27_2020_EXTRA,TOTAL,1,VALUE_IN_EUROS,2022-06,26315144846,
ESTAT:DS-045409(1.0),21/05/24 11:00:00,M,FR,EU27_2020_EXTRA,TOTAL,1,VALUE_IN_EUROS,2022-07,25551048630,
ESTAT:DS-045409(1.0),21/05/24 11:00:00,M,FR,EU27_2020_EXTRA,TOTAL,1,VALUE_IN_EUROS,2022-08,27323431504,
ESTAT:DS-045409(1.0),21/05/24 11:00:00,M,FR,EU27_2020_EXTRA,TOTAL,1,VALUE_IN_EUROS,2022-09,29582705328,
ESTAT:DS-045409(1.0),21/05/24 11:00:00,M,FR,EU27_2020_EXTRA,TOTAL,1,VALUE_IN_EUROS,2022-10,24501050593,
ESTAT:DS-045409(1.0),21/05/24 11:00:00,M,FR,EU27_2020_EXTRA,TOTAL,1,VALUE_IN_EUROS,2022-11,26305170653,
ESTAT:DS-045409(1.0),21/05/24 11:00:00,M,FR,EU27_2020_EXTRA,TOTAL,1,VALUE_IN_EUROS,2022-12,24547729721,
ESTAT:DS-045409(1.0),21/05/24 11:00:00,M,FR,EU27_2020_EXTRA,TOTAL,1,VALUE_IN_EUROS,2023-01,23922329412,
ESTAT:DS-045409(1.0),21/05/24 11:00:00,M,FR,EU27_2020_EXTRA,TOTAL,1,VALUE_IN_EUROS,2023-02,20829296575,
ESTAT:DS-045409(1.0),21/05/24 11:00:00,M,FR,EU27_2020_EXTRA,TOTAL,1,VALUE_IN_EUROS,2023-03,20480481832,
ESTAT:DS-045409(1.0),21/05/24 11:00:00,M,FR,EU27_2020_EXTRA,TOTAL,1,VALUE_IN_EUROS,2023-04,21078068672,
ESTAT:DS-045409(1.0),21/05/24 11:00:00,M,FR,EU27_2020_EXTRA,TOTAL,1,VALUE_IN_EUROS,2023-05,22588359642,
ESTAT:DS-045409(1.0),21/05/24 11:00:00,M,FR,EU27_2020_EXTRA,TOTAL,1,VALUE_IN_EUROS,2023-06,22080759515,
ESTAT:DS-045409(1.0),21/05/24 11:00:00,M,FR,EU27_2020_EXTRA,TOTAL,1,VALUE_IN_EUROS,2023-07,21440208386,
ESTAT:DS-045409(1.0),21/05/24 11:00:00,M,FR,EU27_2020_EXTRA,TOTAL,1,VALUE_IN_EUROS,2023-08,19923688689,
ESTAT:DS-045409(1.0),21/05/24 11:00:00,M,FR,EU27_2020_EXTRA,TOTAL,1,VALUE_IN_EUROS,2023-09,21520151162,
ESTAT:DS-045409(1.0),21/05/24 11:00:00,M,FR,EU27_2020_EXTRA,TOTAL,1,VALUE_IN_EUROS,2023-10,22543288347,
ESTAT:DS-045409(1.0),21/05/24 11:00:00,M,FR,EU27_2020_EXTRA,TOTAL,1,VALUE_IN_EUROS,2023-11,21254372594,
ESTAT:DS-045409(1.0),21/05/24 11:00:00,M,FR,EU27_2020_EXTRA,TOTAL,1,VALUE_IN_EUROS,2023-12,19910118916,
ESTAT:DS-045409(1.0),21/05/24 11:00:00,M,FR,EU27_2020_EXTRA,TOTAL,1,VALUE_IN_EUROS,2024-01,20475713410,
ESTAT:DS-045409(1.0),21/05/24 11:00:00,M,FR,EU27_2020_EXTRA,TOTAL,1,VALUE_IN_EUROS,2024-02,19506109474,
ESTAT:DS-045409(1.0),21/05/24 11:00:00,M,FR,EU27_2020_EXTRA,TOTAL,1,VALUE_IN_EUROS,2024-03,20739217142,
ESTAT:DS-045409(1.0),21/05/24 11:00:00,M,GR,EU27_2020_EXTRA,TOTAL,1,VALUE_IN_EUROS,2022-01,3542222127,
ESTAT:DS-045409(1.0),21/05/24 11:00:00,M,GR,EU27_2020_EXTRA,TOTAL,1,VALUE_IN_EUROS,2022-02,3962893128,
ESTAT:DS-045409(1.0),21/05/24 11:00:00,M,GR,EU27_2020_EXTRA,TOTAL,1,VALUE_IN_EUROS,2022-03,3609821175,
ESTAT:DS-045409(1.0),21/05/24 11:00:00,M,GR,EU27_2020_EXTRA,TOTAL,1,VALUE_IN_EUROS,2022-04,3880224339,
ESTAT:DS-045409(1.0),21/05/24 11:00:00,M,GR,EU27_2020_EXTRA,TOTAL,1,VALUE_IN_EUROS,2022-05,4664181187,
ESTAT:DS-045409(1.0),21/05/24 11:00:00,M,GR,EU27_2020_EXTRA,TOTAL,1,VALUE_IN_EUROS,2022-06,4951355865,
ESTAT:DS-045409(1.0),21/05/24 11:00:00,M,GR,EU27_2020_EXTRA,TOTAL,1,VALUE_IN_EUROS,2022-07,4896346862,
ESTAT:DS-045409(1.0),21/05/24 11:00:00,M,GR,EU27_2020_EXTRA,TOTAL,1,VALUE_IN_EUROS,2022-08,4860994758,
ESTAT:DS-045409(1.0),21/05/24 11:00:00,M,GR,EU27_2020_EXTRA,TOTAL,1,VALUE_IN_EUROS,2022-09,4612602396,
ESTAT:DS-045409(1.0),21/05/24 11:00:00,M,GR,EU27_2020_EXTRA,TOTAL,1,VALUE_IN_EUROS,2022-10,5387051119,
ESTAT:DS-045409(1.0),21/05/24 11:00:00,M,GR,EU27_2020_EXTRA,TOTAL,1,VALUE_IN_EUROS,2022-11,5027334407,
ESTAT:DS-045409(1.0),21/05/24 11:00:00,M,GR,EU27_2020_EXTRA,TOTAL,1,VALUE_IN_EUROS,2022-12,3878950582,
ESTAT:DS-045409(1.0),21/05/24 11:00:00,M,GR,EU27_2020_EXTRA,TOTAL,1,VALUE_IN_EUROS,2023-01,3848992525,
ESTAT:DS-045409(1.0),21/05/24 11:00:00,M,GR,EU27_2020_EXTRA,TOTAL,1,VALUE_IN_EUROS,2023-02,3391426539,
ESTAT:DS-045409(1.0),21/05/24 11:00:00,M,GR,EU27_2020_EXTRA,TOTAL,1,VALUE_IN_EUROS,2023-03,3636430828,
ESTAT:DS-045409(1.0),21/05/24 11:00:00,M,GR,EU27_2020_EXTRA,TOTAL,1,VALUE_IN_EUROS,2023-04,3108463839,
ESTAT:DS-045409(1.0),21/05/24 11:00:00,M,GR,EU27_2020_EXTRA,TOTAL,1,VALUE_IN_EUROS,2023-05,3427887039,
ESTAT:DS-045409(1.0),21/05/24 11:00:00,M,GR,EU27_2020_EXTRA,TOTAL,1,VALUE_IN_EUROS,2023-06,3148425197,
ESTAT:DS-045409(1.0),21/05/24 11:00:00,M,GR,EU27_2020_EXTRA,TOTAL,1,VALUE_IN_EUROS,2023-07,3417053346,
ESTAT:DS-045409(1.0),21/05/24 11:00:00,M,GR,EU27_2020_EXTRA,TOTAL,1,VALUE_IN_EUROS,2023-08,3290692550,
ESTAT:DS-045409(1.0),21/05/24 11:00:00,M,GR,EU27_2020_EXTRA,TOTAL,1,VALUE_IN_EUROS,2023-09,3458422708,
ESTAT:DS-045409(1.0),21/05/24 11:00:00,M,GR,EU27_2020_EXTRA,TOTAL,1,VALUE_IN_EUROS,2023-10,3637301585,
ESTAT:DS-045409(1.0),21/05/24 11:00:00,M,GR,EU27_2020_EXTRA,TOTAL,1,VALUE_IN_EUROS,2023-11,3247472267,
ESTAT:DS-045409(1.0),21/05/24 11:00:00,M,GR,EU27_2020_EXTRA,TOTAL,1,VALUE_IN_EUROS,2023-12,3263766460,
ESTAT:DS-045409(1.0),21/05/24 11:00:00,M,GR,EU27_2020_EXTRA,TOTAL,1,VALUE_IN_EUROS,2024-01,3394190973,
ESTAT:DS-045409(1.0),21/05/24 11:00:00,M,GR,EU27_2020_EXTRA,TOTAL,1,VALUE_IN_EUROS,2024-02,3444006567,
ESTAT:DS-045409(1.0),21/05/24 11:00:00,M,GR,EU27_2020_EXTRA,TOTAL,1,VALUE_IN_EUROS,2024-03,3136255384,
ESTAT:DS-045409(1.0),21/05/24 11:00:00,M,HR,EU27_2020_EXTRA,TOTAL,1,VALUE_IN_EUROS,2022-01,763368512,
ESTAT:DS-045409(1.0),21/05/24 11:00:00,M,HR,EU27_2020_EXTRA,TOTAL,1,VALUE_IN_EUROS,2022-02,751535455,
ESTAT:DS-045409(1.0),21/05/24 11:00:00,M,HR,EU27_2020_EXTRA,TOTAL,1,VALUE_IN_EUROS,2022-03,951751989,
ESTAT:DS-045409(1.0),21/05/24 11:00:00,M,HR,EU27_2020_EXTRA,TOTAL,1,VALUE_IN_EUROS,2022-04,1071689238,
ESTAT:DS-045409(1.0),21/05/24 11:00:00,M,HR,EU27_2020_EXTRA,TOTAL,1,VALUE_IN_EUROS,2022-05,1059772136,
ESTAT:DS-045409(1.0),21/05/24 11:00:00,M,HR,EU27_2020_EXTRA,TOTAL,1,VALUE_IN_EUROS,2022-06,1085185031,
ESTAT:DS-045409(1.0),21/05/24 11:00:00,M,HR,EU27_2020_EXTRA,TOTAL,1,VALUE_IN_EUROS,2022-07,1214313834,
ESTAT:DS-045409(1.0),21/05/24 11:00:00,M,HR,EU27_2020_EXTRA,TOTAL,1,VALUE_IN_EUROS,2022-08,1601873669,
ESTAT:DS-045409(1.0),21/05/24 11:00:00,M,HR,EU27_2020_EXTRA,TOTAL,1,VALUE_IN_EUROS,2022-09,1365509741,
ESTAT:DS-045409(1.0),21/05/24 11:00:00,M,HR,EU27_2020_EXTRA,TOTAL,1,VALUE_IN_EUROS,2022-10,1105552934,
ESTAT:DS-045409(1.0),21/05/24 11:00:00,M,HR,EU27_2020_EXTRA,TOTAL,1,VALUE_IN_EUROS,2022-11,972815646,
ESTAT:DS-045409(1.0),21/05/24 11:00:00,M,HR,EU27_2020_EXTRA,TOTAL,1,VALUE_IN_EUROS,2022-12,986314169,
ESTAT:DS-045409(1.0),21/05/24 11:00:00,M,HR,EU27_2020_EXTRA,TOTAL,1,VALUE_IN_EUROS,2023-01,817147548,
ESTAT:DS-045409(1.0),21/05/24 11:00:00,M,HR,EU27_2020_EXTRA,TOTAL,1,VALUE_IN_EUROS,2023-02,733132209,
ESTAT:DS-045409(1.0),21/05/24 11:00:00,M,HR,EU27_2020_EXTRA,TOTAL,1,VALUE_IN_EUROS,2023-03,930675954,
ESTAT:DS-045409(1.0),21/05/24 11:00:00,M,HR,EU27_2020_EXTRA,TOTAL,1,VALUE_IN_EUROS,2023-04,758679047,
ESTAT:DS-045409(1.0),21/05/24 11:00:00,M,HR,EU27_2020_EXTRA,TOTAL,1,VALUE_IN_EUROS,2023-05,939628010,
ESTAT:DS-045409(1.0),21/05/24 11:00:00,M,HR,EU27_2020_EXTRA,TOTAL,1,VALUE_IN_EUROS,2023-06,927955293,
ESTAT:DS-045409(1.0),21/05/24 11:00:00,M,HR,EU27_2020_EXTRA,TOTAL,1,VALUE_IN_EUROS,2023-07,762172573,
ESTAT:DS-045409(1.0),21/05/24 11:00:00,M,HR,EU27_2020_EXTRA,TOTAL,1,VALUE_IN_EUROS,2023-08,965517224,
ESTAT:DS-045409(1.0),21/05/24 11:00:00,M,HR,EU27_2020_EXTRA,TOTAL,1,VALUE_IN_EUROS,2023-09,775465052,
ESTAT:DS-045409(1.0),21/05/24 11:00:00,M,HR,EU27_2020_EXTRA,TOTAL,1,VALUE_IN_EUROS,2023-10,767358969,
ESTAT:DS-045409(1.0),21/05/24 11:00:00,M,HR,EU27_2020_EXTRA,TOTAL,1,VALUE_IN_EUROS,2023-11,675178226,
ESTAT:DS-045409(1.0),21/05/24 11:00:00,M,HR,EU27_2020_EXTRA,TOTAL,1,VALUE_IN_EUROS,2023-12,677441145,
ESTAT:DS-045409(1.0),21/05/24 11:00:00,M,HR,EU27_2020_EXTRA,TOTAL,1,VALUE_IN_EUROS,2024-01,568318778,
ESTAT:DS-045409(1.0),21/05/24 11:00:00,M,HR,EU27_2020_EXTRA,TOTAL,1,VALUE_IN_EUROS,2024-02,636118710,
ESTAT:DS-045409(1.0),21/05/24 11:00:00,M,HR,EU27_2020_EXTRA,TOTAL,1,VALUE_IN_EUROS,2024-03,793905507,
ESTAT:DS-045409(1.0),21/05/24 11:00:00,M,HU,EU27_2020_EXTRA,TOTAL,1,VALUE_IN_EUROS,2022-01,3363290650,
ESTAT:DS-045409(1.0),21/05/24 11:00:00,M,HU,EU27_2020_EXTRA,TOTAL,1,VALUE_IN_EUROS,2022-02,3630445851,
ESTAT:DS-045409(1.0),21/05/24 11:00:00,M,HU,EU27_2020_EXTRA,TOTAL,1,VALUE_IN_EUROS,2022-03,3750763249,
ESTAT:DS-045409(1.0),21/05/24 11:00:00,M,HU,EU27_2020_EXTRA,TOTAL,1,VALUE_IN_EUROS,2022-04,3538876230,
ESTAT:DS-045409(1.0),21/05/24 11:00:00,M,HU,EU27_2020_EXTRA,TOTAL,1,VALUE_IN_EUROS,2022-05,3734815684,
ESTAT:DS-045409(1.0),21/05/24 11:00:00,M,HU,EU27_2020_EXTRA,TOTAL,1,VALUE_IN_EUROS,2022-06,4113398436,
ESTAT:DS-045409(1.0),21/05/24 11:00:00,M,HU,EU27_2020_EXTRA,TOTAL,1,VALUE_IN_EUROS,2022-07,3629629631,
ESTAT:DS-045409(1.0),21/05/24 11:00:00,M,HU,EU27_2020_EXTRA,TOTAL,1,VALUE_IN_EUROS,2022-08,4222964545,
ESTAT:DS-045409(1.0),21/05/24 11:00:00,M,HU,EU27_2020_EXTRA,TOTAL,1,VALUE_IN_EUROS,2022-09,5267140018,
ESTAT:DS-045409(1.0),21/05/24 11:00:00,M,HU,EU27_2020_EXTRA,TOTAL,1,VALUE_IN_EUROS,2022-10,4964698529,
ESTAT:DS-045409(1.0),21/05/24 11:00:00,M,HU,EU27_2020_EXTRA,TOTAL,1,VALUE_IN_EUROS,2022-11,5571889144,
ESTAT:DS-045409(1.0),21/05/24 11:00:00,M,HU,EU27_2020_EXTRA,TOTAL,1,VALUE_IN_EUROS,2022-12,3830058262,
ESTAT:DS-045409(1.0),21/05/24 11:00:00,M,HU,EU27_2020_EXTRA,TOTAL,1,VALUE_IN_EUROS,2023-01,4340317366,
ESTAT:DS-045409(1.0),21/05/24 11:00:00,M,HU,EU27_2020_EXTRA,TOTAL,1,VALUE_IN_EUROS,2023-02,4059585114,
ESTAT:DS-045409(1.0),21/05/24 11:00:00,M,HU,EU27_2020_EXTRA,TOTAL,1,VALUE_IN_EUROS,2023-03,4243401533,
ESTAT:DS-045409(1.0),21/05/24 11:00:00,M,HU,EU27_2020_EXTRA,TOTAL,1,VALUE_IN_EUROS,2023-04,3672205515,
ESTAT:DS-045409(1.0),21/05/24 11:00:00,M,HU,EU27_2020_EXTRA,TOTAL,1,VALUE_IN_EUROS,2023-05,3771283458,
ESTAT:DS-045409(1.0),21/05/24 11:00:00,M,HU,EU27_2020_EXTRA,TOTAL,1,VALUE_IN_EUROS,2023-06,3599041339,
ESTAT:DS-045409(1.0),21/05/24 11:00:00,M,HU,EU27_2020_EXTRA,TOTAL,1,VALUE_IN_EUROS,2023-07,3099591966,
ESTAT:DS-045409(1.0),21/05/24 11:00:00,M,HU,EU27_2020_EXTRA,TOTAL,1,VALUE_IN_EUROS,2023-08,3282127794,
ESTAT:DS-045409(1.0),21/05/24 11:00:00,M,HU,EU27_2020_EXTRA,TOTAL,1,VALUE_IN_EUROS,2023-09,3646944449,
ESTAT:DS-045409(1.0),21/05/24 11:00:00,M,HU,EU27_2020_EXTRA,TOTAL,1,VALUE_IN_EUROS,2023-10,3705746021,
ESTAT:DS-045409(1.0),21/05/24 11:00:00,M,HU,EU27_2020_EXTRA,TOTAL,1,VALUE_IN_EUROS,2023-11,3005835711,
ESTAT:DS-045409(1.0),21/05/24 11:00:00,M,HU,EU27_2020_EXTRA,TOTAL,1,VALUE_IN_EUROS,2023-12,3689136291,
ESTAT:DS-045409(1.0),21/05/24 11:00:00,M,HU,EU27_2020_EXTRA,TOTAL,1,VALUE_IN_EUROS,2024-01,3470324934,
ESTAT:DS-045409(1.0),21/05/24 11:00:00,M,HU,EU27_2020_EXTRA,TOTAL,1,VALUE_IN_EUROS,2024-02,3202440144,
ESTAT:DS-045409(1.0),21/05/24 11:00:00,M,HU,EU27_2020_EXTRA,TOTAL,1,VALUE_IN_EUROS,2024-03,3170435633,
ESTAT:DS-045409(1.0),21/05/24 11:00:00,M,IE,EU27_2020_EXTRA,TOTAL,1,VALUE_IN_EUROS,2022-01,6310606308,
ESTAT:DS-045409(1.0),21/05/24 11:00:00,M,IE,EU27_2020_EXTRA,TOTAL,1,VALUE_IN_EUROS,2022-02,5941361323,
ESTAT:DS-045409(1.0),21/05/24 11:00:00,M,IE,EU27_2020_EXTRA,TOTAL,1,VALUE_IN_EUROS,2022-03,8236418070,
ESTAT:DS-045409(1.0),21/05/24 11:00:00,M,IE,EU27_2020_EXTRA,TOTAL,1,VALUE_IN_EUROS,2022-04,7409679291,
ESTAT:DS-045409(1.0),21/05/24 11:00:00,M,IE,EU27_2020_EXTRA,TOTAL,1,VALUE_IN_EUROS,2022-05,9025094240,
ESTAT:DS-045409(1.0),21/05/24 11:00:00,M,IE,EU27_2020_EXTRA,TOTAL,1,VALUE_IN_EUROS,2022-06,8544337309,
ESTAT:DS-045409(1.0),21/05/24 11:00:00,M,IE,EU27_2020_EXTRA,TOTAL,1,VALUE_IN_EUROS,2022-07,7058683239,
ESTAT:DS-045409(1.0),21/05/24 11:00:00,M,IE,EU27_2020_EXTRA,TOTAL,1,VALUE_IN_EUROS,2022-08,8579008547,
ESTAT:DS-045409(1.0),21/05/24 11:00:00,M,IE,EU27_2020_EXTRA,TOTAL,1,VALUE_IN_EUROS,2022-09,7939963150,
ESTAT:DS-045409(1.0),21/05/24 11:00:00,M,IE,EU27_2020_EXTRA,TOTAL,1,VALUE_IN_EUROS,2022-10,7572802693,
ESTAT:DS-045409(1.0),21/05/24 11:00:00,M,IE,EU27_2020_EXTRA,TOTAL,1,VALUE_IN_EUROS,2022-11,7523035473,
ESTAT:DS-045409(1.0),21/05/24 11:00:00,M,IE,EU27_2020_EXTRA,TOTAL,1,VALUE_IN_EUROS,2022-12,7459893431,
ESTAT:DS-045409(1.0),21/05/24 11:00:00,M,IE,EU27_2020_EXTRA,TOTAL,1,VALUE_IN_EUROS,2023-01,7670743127,
ESTAT:DS-045409(1.0),21/05/24 11:00:00,M,IE,EU27_2020_EXTRA,TOTAL,1,VALUE_IN_EUROS,2023-02,6889554935,
ESTAT:DS-045409(1.0),21/05/24 11:00:00,M,IE,EU27_2020_EXTRA,TOTAL,1,VALUE_IN_EUROS,2023-03,6227286227,
ESTAT:DS-045409(1.0),21/05/24 11:00:00,M,IE,EU27_2020_EXTRA,TOTAL,1,VALUE_IN_EUROS,2023-04,6828066136,
ESTAT:DS-045409(1.0),21/05/24 11:00:00,M,IE,EU27_2020_EXTRA,TOTAL,1,VALUE_IN_EUROS,2023-05,7531453328,
ESTAT:DS-045409(1.0),21/05/24 11:00:00,M,IE,EU27_2020_EXTRA,TOTAL,1,VALUE_IN_EUROS,2023-06,7129624497,
ESTAT:DS-045409(1.0),21/05/24 11:00:00,M,IE,EU27_2020_EXTRA,TOTAL,1,VALUE_IN_EUROS,2023-07,6600532076,
ESTAT:DS-045409(1.0),21/05/24 11:00:00,M,IE,EU27_2020_EXTRA,TOTAL,1,VALUE_IN_EUROS,2023-08,6642227156,
ESTAT:DS-045409(1.0),21/05/24 11:00:00,M,IE,EU27_2020_EXTRA,TOTAL,1,VALUE_IN_EUROS,2023-09,7299050834,
ESTAT:DS-045409(1.0),21/05/24 11:00:00,M,IE,EU27_2020_EXTRA,TOTAL,1,VALUE_IN_EUROS,2023-10,6813600717,
ESTAT:DS-045409(1.0),21/05/24 11:00:00,M,IE,EU27_2020_EXTRA,TOTAL,1,VALUE_IN_EUROS,2023-11,8941146058,
ESTAT:DS-045409(1.0),21/05/24 11:00:00,M,IE,EU27_2020_EXTRA,TOTAL,1,VALUE_IN_EUROS,2023-12,6720736039,
ESTAT:DS-045409(1.0),21/05/24 11:00:00,M,IE,EU27_2020_EXTRA,TOTAL,1,VALUE_IN_EUROS,2024-01,5618145282,
ESTAT:DS-045409(1.0),21/05/24 11:00:00,M,IE,EU27_2020_EXTRA,TOTAL,1,VALUE_IN_EUROS,2024-02,5575149697,
ESTAT:DS-045409(1.0),21/05/24 11:00:00,M,IE,EU27_2020_EXTRA,TOTAL,1,VALUE_IN_EUROS,2024-03,6134848493,
ESTAT:DS-045409(1.0),21/05/24 11:00:00,M,IT,EU27_2020_EXTRA,TOTAL,1,VALUE_IN_EUROS,2022-01,23564277372,
ESTAT:DS-045409(1.0),21/05/24 11:00:00,M,IT,EU27_2020_EXTRA,TOTAL,1,VALUE_IN_EUROS,2022-02,22628189381,
ESTAT:DS-045409(1.0),21/05/24 11:00:00,M,IT,EU27_2020_EXTRA,TOTAL,1,VALUE_IN_EUROS,2022-03,26751546985,
ESTAT:DS-045409(1.0),21/05/24 11:00:00,M,IT,EU27_2020_EXTRA,TOTAL,1,VALUE_IN_EUROS,2022-04,26359985602,
ESTAT:DS-045409(1.0),21/05/24 11:00:00,M,IT,EU27_2020_EXTRA,TOTAL,1,VALUE_IN_EUROS,2022-05,26501899094,
ESTAT:DS-045409(1.0),21/05/24 11:00:00,M,IT,EU27_2020_EXTRA,TOTAL,1,VALUE_IN_EUROS,2022-06,28714703329,
ESTAT:DS-045409(1.0),21/05/24 11:00:00,M,IT,EU27_2020_EXTRA,TOTAL,1,VALUE_IN_EUROS,2022-07,30719378605,
ESTAT:DS-045409(1.0),21/05/24 11:00:00,M,IT,EU27_2020_EXTRA,TOTAL,1,VALUE_IN_EUROS,2022-08,27790763621,
ESTAT:DS-045409(1.0),21/05/24 11:00:00,M,IT,EU27_2020_EXTRA,TOTAL,1,VALUE_IN_EUROS,2022-09,31230932261,
ESTAT:DS-045409(1.0),21/05/24 11:00:00,M,IT,EU27_2020_EXTRA,TOTAL,1,VALUE_IN_EUROS,2022-10,27750367030,
ESTAT:DS-045409(1.0),21/05/24 11:00:00,M,IT,EU27_2020_EXTRA,TOTAL,1,VALUE_IN_EUROS,2022-11,26000916849,
ESTAT:DS-045409(1.0),21/05/24 11:00:00,M,IT,EU27_2020_EXTRA,TOTAL,1,VALUE_IN_EUROS,2022-12,23551199286,
ESTAT:DS-045409(1.0),21/05/24 11:00:00,M,IT,EU27_2020_EXTRA,TOTAL,1,VALUE_IN_EUROS,2023-01,23367192768,
ESTAT:DS-045409(1.0),21/05/24 11:00:00,M,IT,EU27_2020_EXTRA,TOTAL,1,VALUE_IN_EUROS,2023-02,21138156451,
ESTAT:DS-045409(1.0),21/05/24 11:00:00,M,IT,EU27_2020_EXTRA,TOTAL,1,VALUE_IN_EUROS,2023-03,23533543837,
ESTAT:DS-045409(1.0),21/05/24 11:00:00,M,IT,EU27_2020_EXTRA,TOTAL,1,VALUE_IN_EUROS,2023-04,21226509090,
ESTAT:DS-045409(1.0),21/05/24 11:00:00,M,IT,EU27_2020_EXTRA,TOTAL,1,VALUE_IN_EUROS,2023-05,22818043291,
ESTAT:DS-045409(1.0),21/05/24 11:00:00,M,IT,EU27_2020_EXTRA,TOTAL,1,VALUE_IN_EUROS,2023-06,21158169028,
ESTAT:DS-045409(1.0),21/05/24 11:00:00,M,IT,EU27_2020_EXTRA,TOTAL,1,VALUE_IN_EUROS,2023-07,20953119948,
ESTAT:DS-045409(1.0),21/05/24 11:00:00,M,IT,EU27_2020_EXTRA,TOTAL,1,VALUE_IN_EUROS,2023-08,18713115801,
ESTAT:DS-045409(1.0),21/05/24 11:00:00,M,IT,EU27_2020_EXTRA,TOTAL,1,VALUE_IN_EUROS,2023-09,21116223337,
ESTAT:DS-045409(1.0),21/05/24 11:00:00,M,IT,EU27_2020_EXTRA,TOTAL,1,VALUE_IN_EUROS,2023-10,22588485192,
ESTAT:DS-045409(1.0),21/05/24 11:00:00,M,IT,EU27_2020_EXTRA,TOTAL,1,VALUE_IN_EUROS,2023-11,20614280989,
ESTAT:DS-045409(1.0),21/05/24 11:00:00,M,IT,EU27_2020_EXTRA,TOTAL,1,VALUE_IN_EUROS,2023-12,17272048790,
ESTAT:DS-045409(1.0),21/05/24 11:00:00,M,IT,EU27_2020_EXTRA,TOTAL,1,VALUE_IN_EUROS,2024-01,18857228735,
ESTAT:DS-045409(1.0),21/05/24 11:00:00,M,IT,EU27_2020_EXTRA,TOTAL,1,VALUE_IN_EUROS,2024-02,18956508031,
ESTAT:DS-045409(1.0),21/05/24 11:00:00,M,IT,EU27_2020_EXTRA,TOTAL,1,VALUE_IN_EUROS,2024-03,20527177651,
ESTAT:DS-045409(1.0),21/05/24 11:00:00,M,LT,EU27_2020_EXTRA,TOTAL,1,VALUE_IN_EUROS,2022-01,1264671825,
ESTAT:DS-045409(1.0),21/05/24 11:00:00,M,LT,EU27_2020_EXTRA,TOTAL,1,VALUE_IN_EUROS,2022-02,1241109540,
ESTAT:DS-045409(1.0),21/05/24 11:00:00,M,LT,EU27_2020_EXTRA,TOTAL,1,VALUE_IN_EUROS,2022-03,1714182245,
ESTAT:DS-045409(1.0),21/05/24 11:00:00,M,LT,EU27_2020_EXTRA,TOTAL,1,VALUE_IN_EUROS,2022-04,1789047079,
ESTAT:DS-045409(1.0),21/05/24 11:00:00,M,LT,EU27_2020_EXTRA,TOTAL,1,VALUE_IN_EUROS,2022-05,1291981587,
ESTAT:DS-045409(1.0),21/05/24 11:00:00,M,LT,EU27_2020_EXTRA,TOTAL,1,VALUE_IN_EUROS,2022-06,1237609403,
ESTAT:DS-045409(1.0),21/05/24 11:00:00,M,LT,EU27_2020_EXTRA,TOTAL,1,VALUE_IN_EUROS,2022-07,1672970280,
ESTAT:DS-045409(1.0),21/05/24 11:00:00,M,LT,EU27_2020_EXTRA,TOTAL,1,VALUE_IN_EUROS,2022-08,1967718875,
ESTAT:DS-045409(1.0),21/05/24 11:00:00,M,LT,EU27_2020_EXTRA,TOTAL,1,VALUE_IN_EUROS,2022-09,2022946444,
ESTAT:DS-045409(1.0),21/05/24 11:00:00,M,LT,EU27_2020_EXTRA,TOTAL,1,VALUE_IN_EUROS,2022-10,2048921686,
ESTAT:DS-045409(1.0),21/05/24 11:00:00,M,LT,EU27_2020_EXTRA,TOTAL,1,VALUE_IN_EUROS,2022-11,1423189893,
ESTAT:DS-045409(1.0),21/05/24 11:00:00,M,LT,EU27_2020_EXTRA,TOTAL,1,VALUE_IN_EUROS,2022-12,1624198775,
ESTAT:DS-045409(1.0),21/05/24 11:00:00,M,LT,EU27_2020_EXTRA,TOTAL,1,VALUE_IN_EUROS,2023-01,1286339608,
ESTAT:DS-045409(1.0),21/05/24 11:00:00,M,LT,EU27_2020_EXTRA,TOTAL,1,VALUE_IN_EUROS,2023-02,1001141253,
ESTAT:DS-045409(1.0),21/05/24 11:00:00,M,LT,EU27_2020_EXTRA,TOTAL,1,VALUE_IN_EUROS,2023-03,1147477588,
ESTAT:DS-045409(1.0),21/05/24 11:00:00,M,LT,EU27_2020_EXTRA,TOTAL,1,VALUE_IN_EUROS,2023-04,1115511372,
ESTAT:DS-045409(1.0),21/05/24 11:00:00,M,LT,EU27_2020_EXTRA,TOTAL,1,VALUE_IN_EUROS,2023-05,1087032719,
ESTAT:DS-045409(1.0),21/05/24 11:00:00,M,LT,EU27_2020_EXTRA,TOTAL,1,VALUE_IN_EUROS,2023-06,1057576581,
ESTAT:DS-045409(1.0),21/05/24 11:00:00,M,LT,EU27_2020_EXTRA,TOTAL,1,VALUE_IN_EUROS,2023-07,1102446111,
ESTAT:DS-045409(1.0),21/05/24 11:00:00,M,LT,EU27_2020_EXTRA,TOTAL,1,VALUE_IN_EUROS,2023-08,1123866155,
ESTAT:DS-045409(1.0),21/05/24 11:00:00,M,LT,EU27_2020_EXTRA,TOTAL,1,VALUE_IN_EUROS,2023-09,1166376823,
ESTAT:DS-045409(1.0),21/05/24 11:00:00,M,LT,EU27_2020_EXTRA,TOTAL,1,VALUE_IN_EUROS,2023-10,1158520614,
ESTAT:DS-045409(1.0),21/05/24 11:00:00,M,LT,EU27_2020_EXTRA,TOTAL,1,VALUE_IN_EUROS,2023-11,1252868083,
ESTAT:DS-045409(1.0),21/05/24 11:00:00,M,LT,EU27_2020_EXTRA,TOTAL,1,VALUE_IN_EUROS,2023-12,881034424,
ESTAT:DS-045409(1.0),21/05/24 11:00:00,M,LT,EU27_2020_EXTRA,TOTAL,1,VALUE_IN_EUROS,2024-01,1136685967,
ESTAT:DS-045409(1.0),21/05/24 11:00:00,M,LT,EU27_2020_EXTRA,TOTAL,1,VALUE_IN_EUROS,2024-02,943999355,
ESTAT:DS-045409(1.0),21/05/24 11:00:00,M,LT,EU27_2020_EXTRA,TOTAL,1,VALUE_IN_EUROS,2024-03,964969385,
ESTAT:DS-045409(1.0),21/05/24 11:00:00,M,LU,EU27_2020_EXTRA,TOTAL,1,VALUE_IN_EUROS,2022-01,217638639,
ESTAT:DS-045409(1.0),21/05/24 11:00:00,M,LU,EU27_2020_EXTRA,TOTAL,1,VALUE_IN_EUROS,2022-02,176008172,
ESTAT:DS-045409(1.0),21/05/24 11:00:00,M,LU,EU27_2020_EXTRA,TOTAL,1,VALUE_IN_EUROS,2022-03,191112492,
ESTAT:DS-045409(1.0),21/05/24 11:00:00,M,LU,EU27_2020_EXTRA,TOTAL,1,VALUE_IN_EUROS,2022-04,160328747,
ESTAT:DS-045409(1.0),21/05/24 11:00:00,M,LU,EU27_2020_EXTRA,TOTAL,1,VALUE_IN_EUROS,2022-05,171607004,
ESTAT:DS-045409(1.0),21/05/24 11:00:00,M,LU,EU27_2020_EXTRA,TOTAL,1,VALUE_IN_EUROS,2022-06,169061978,
ESTAT:DS-045409(1.0),21/05/24 11:00:00,M,LU,EU27_2020_EXTRA,TOTAL,1,VALUE_IN_EUROS,2022-07,172014677,
ESTAT:DS-045409(1.0),21/05/24 11:00:00,M,LU,EU27_2020_EXTRA,TOTAL,1,VALUE_IN_EUROS,2022-08,180848247,
ESTAT:DS-045409(1.0),21/05/24 11:00:00,M,LU,EU27_2020_EXTRA,TOTAL,1,VALUE_IN_EUROS,2022-09,201251822,
ESTAT:DS-045409(1.0),21/05/24 11:00:00,M,LU,EU27_2020_EXTRA,TOTAL,1,VALUE_IN_EUROS,2022-10,272787924,
ESTAT:DS-045409(1.0),21/05/24 11:00:00,M,LU,EU27_2020_EXTRA,TOTAL,1,VALUE_IN_EUROS,2022-11,238187417,
ESTAT:DS-045409(1.0),21/05/24 11:00:00,M,LU,EU27_2020_EXTRA,TOTAL,1,VALUE_IN_EUROS,2022-12,197335075,
ESTAT:DS-045409(1.0),21/05/24 11:00:00,M,LU,EU27_2020_EXTRA,TOTAL,1,VALUE_IN_EUROS,2023-01,202469610,
ESTAT:DS-045409(1.0),21/05/24 11:00:00,M,LU,EU27_2020_EXTRA,TOTAL,1,VALUE_IN_EUROS,2023-02,181694364,
ESTAT:DS-045409(1.0),21/05/24 11:00:00,M,LU,EU27_2020_EXTRA,TOTAL,1,VALUE_IN_EUROS,2023-03,291958464,
ESTAT:DS-045409(1.0),21/05/24 11:00:00,M,LU,EU27_2020_EXTRA,TOTAL,1,VALUE_IN_EUROS,2023-04,160337427,
ESTAT:DS-045409(1.0),21/05/24 11:00:00,M,LU,EU27_2020_EXTRA,TOTAL,1,VALUE_IN_EUROS,2023-05,197498394,
ESTAT:DS-045409(1.0),21/05/24 11:00:00,M,LU,EU27_2020_EXTRA,TOTAL,1,VALUE_IN_EUROS,2023-06,185153709,
ESTAT:DS-045409(1.0),21/05/24 11:00:00,M,LU,EU27_2020_EXTRA,TOTAL,1,VALUE_IN_EUROS,2023-07,171722831,
ESTAT:DS-045409(1.0),21/05/24 11:00:00,M,LU,EU27_2020_EXTRA,TOTAL,1,VALUE_IN_EUROS,2023-08,264610118,
ESTAT:DS-045409(1.0),21/05/24 11:00:00,M,LU,EU27_2020_EXTRA,TOTAL,1,VALUE_IN_EUROS,2023-09,197638417,
ESTAT:DS-045409(1.0),21/05/24 11:00:00,M,LU,EU27_2020_EXTRA,TOTAL,1,VALUE_IN_EUROS,2023-10,189931052,
ESTAT:DS-045409(1.0),21/05/24 11:00:00,M,LU,EU27_2020_EXTRA,TOTAL,1,VALUE_IN_EUROS,2023-11,148128161,
ESTAT:DS-045409(1.0),21/05/24 11:00:00,M,LU,EU27_2020_EXTRA,TOTAL,1,VALUE_IN_EUROS,2023-12,147176198,
ESTAT:DS-045409(1.0),21/05/24 11:00:00,M,LU,EU27_2020_EXTRA,TOTAL,1,VALUE_IN_EUROS,2024-01,155806574,
ESTAT:DS-045409(1.0),21/05/24 11:00:00,M,LU,EU27_2020_EXTRA,TOTAL,1,VALUE_IN_EUROS,2024-02,170193899,
ESTAT:DS-045409(1.0),21/05/24 11:00:00,M,LU,EU27_2020_EXTRA,TOTAL,1,VALUE_IN_EUROS,2024-03,137102104,
ESTAT:DS-045409(1.0),21/05/24 11:00:00,M,LV,EU27_2020_EXTRA,TOTAL,1,VALUE_IN_EUROS,2022-01,469178552,
ESTAT:DS-045409(1.0),21/05/24 11:00:00,M,LV,EU27_2020_EXTRA,TOTAL,1,VALUE_IN_EUROS,2022-02,504477587,
ESTAT:DS-045409(1.0),21/05/24 11:00:00,M,LV,EU27_2020_EXTRA,TOTAL,1,VALUE_IN_EUROS,2022-03,469921926,
ESTAT:DS-045409(1.0),21/05/24 11:00:00,M,LV,EU27_2020_EXTRA,TOTAL,1,VALUE_IN_EUROS,2022-04,560223493,
ESTAT:DS-045409(1.0),21/05/24 11:00:00,M,LV,EU27_2020_EXTRA,TOTAL,1,VALUE_IN_EUROS,2022-05,614948773,
ESTAT:DS-045409(1.0),21/05/24 11:00:00,M,LV,EU27_2020_EXTRA,TOTAL,1,VALUE_IN_EUROS,2022-06,408775766,
ESTAT:DS-045409(1.0),21/05/24 11:00:00,M,LV,EU27_2020_EXTRA,TOTAL,1,VALUE_IN_EUROS,2022-07,436113409,
ESTAT:DS-045409(1.0),21/05/24 11:00:00,M,LV,EU27_2020_EXTRA,TOTAL,1,VALUE_IN_EUROS,2022-08,567209969,
ESTAT:DS-045409(1.0),21/05/24 11:00:00,M,LV,EU27_2020_EXTRA,TOTAL,1,VALUE_IN_EUROS,2022-09,452267828,
ESTAT:DS-045409(1.0),21/05/24 11:00:00,M,LV,EU27_2020_EXTRA,TOTAL,1,VALUE_IN_EUROS,2022-10,465771653,
ESTAT:DS-045409(1.0),21/05/24 11:00:00,M,LV,EU27_2020_EXTRA,TOTAL,1,VALUE_IN_EUROS,2022-11,417474339,
ESTAT:DS-045409(1.0),21/05/24 11:00:00,M,LV,EU27_2020_EXTRA,TOTAL,1,VALUE_IN_EUROS,2022-12,796886491,
ESTAT:DS-045409(1.0),21/05/24 11:00:00,M,LV,EU27_2020_EXTRA,TOTAL,1,VALUE_IN_EUROS,2023-01,377001095,
ESTAT:DS-045409(1.0),21/05/24 11:00:00,M,LV,EU27_2020_EXTRA,TOTAL,1,VALUE_IN_EUROS,2023-02,335792955,
ESTAT:DS-045409(1.0),21/05/24 11:00:00,M,LV,EU27_2020_EXTRA,TOTAL,1,VALUE_IN_EUROS,2023-03,414819663,
ESTAT:DS-045409(1.0),21/05/24 11:00:00,M,LV,EU27_2020_EXTRA,TOTAL,1,VALUE_IN_EUROS,2023-04,528268988,
ESTAT:DS-045409(1.0),21/05/24 11:00:00,M,LV,EU27_2020_EXTRA,TOTAL,1,VALUE_IN_EUROS,2023-05,438064494,
ESTAT:DS-045409(1.0),21/05/24 11:00:00,M,LV,EU27_2020_EXTRA,TOTAL,1,VALUE_IN_EUROS,2023-06,351185258,
ESTAT:DS-045409(1.0),21/05/24 11:00:00,M,LV,EU27_2020_EXTRA,TOTAL,1,VALUE_IN_EUROS,2023-07,311872693,
ESTAT:DS-045409(1.0),21/05/24 11:00:00,M,LV,EU27_2020_EXTRA,TOTAL,1,VALUE_IN_EUROS,2023-08,373791635,
ESTAT:DS-045409(1.0),21/05/24 11:00:00,M,LV,EU27_2020_EXTRA,TOTAL,1,VALUE_IN_EUROS,2023-09,527049525,
ESTAT:DS-045409(1.0),21/05/24 11:00:00,M,LV,EU27_2020_EXTRA,TOTAL,1,VALUE_IN_EUROS,2023-10,295916864,
ESTAT:DS-045409(1.0),21/05/24 11:00:00,M,LV,EU27_2020_EXTRA,TOTAL,1,VALUE_IN_EUROS,2023-11,425661075,
ESTAT:DS-045409(1.0),21/05/24 11:00:00,M,LV,EU27_2020_EXTRA,TOTAL,1,VALUE_IN_EUROS,2023-12,418512804,
ESTAT:DS-045409(1.0),21/05/24 11:00:00,M,LV,EU27_2020_EXTRA,TOTAL,1,VALUE_IN_EUROS,2024-01,329688058,
ESTAT:DS-045409(1.0),21/05/24 11:00:00,M,LV,EU27_2020_EXTRA,TOTAL,1,VALUE_IN_EUROS,2024-02,409444230,
ESTAT:DS-045409(1.0),21/05/24 11:00:00,M,LV,EU27_2020_EXTRA,TOTAL,1,VALUE_IN_EUROS,2024-03,375056866,
ESTAT:DS-045409(1.0),21/05/24 11:00:00,M,MT,EU27_2020_EXTRA,TOTAL,1,VALUE_IN_EUROS,2022-01,151400474,
ESTAT:DS-045409(1.0),21/05/24 11:00:00,M,MT,EU27_2020_EXTRA,TOTAL,1,VALUE_IN_EUROS,2022-02,208579181,
ESTAT:DS-045409(1.0),21/05/24 11:00:00,M,MT,EU27_2020_EXTRA,TOTAL,1,VALUE_IN_EUROS,2022-03,173062949,
ESTAT:DS-045409(1.0),21/05/24 11:00:00,M,MT,EU27_2020_EXTRA,TOTAL,1,VALUE_IN_EUROS,2022-04,275551856,
ESTAT:DS-045409(1.0),21/05/24 11:00:00,M,MT,EU27_2020_EXTRA,TOTAL,1,VALUE_IN_EUROS,2022-05,300213956,
ESTAT:DS-045409(1.0),21/05/24 11:00:00,M,MT,EU27_2020_EXTRA,TOTAL,1,VALUE_IN_EUROS,2022-06,287798049,
ESTAT:DS-045409(1.0),21/05/24 11:00:00,M,MT,EU27_2020_EXTRA,TOTAL,1,VALUE_IN_EUROS,2022-07,423804258,
ESTAT:DS-045409(1.0),21/05/24 11:00:00,M,MT,EU27_2020_EXTRA,TOTAL,1,VALUE_IN_EUROS,2022-08,267038966,
ESTAT:DS-045409(1.0),21/05/24 11:00:00,M,MT,EU27_2020_EXTRA,TOTAL,1,VALUE_IN_EUROS,2022-09,245274100,
ESTAT:DS-045409(1.0),21/05/24 11:00:00,M,MT,EU27_2020_EXTRA,TOTAL,1,VALUE_IN_EUROS,2022-10,339067525,
ESTAT:DS-045409(1.0),21/05/24 11:00:00,M,MT,EU27_2020_EXTRA,TOTAL,1,VALUE_IN_EUROS,2022-11,386025140,
ESTAT:DS-045409(1.0),21/05/24 11:00:00,M,MT,EU27_2020_EXTRA,TOTAL,1,VALUE_IN_EUROS,2022-12,321565990,
ESTAT:DS-045409(1.0),21/05/24 11:00:00,M,MT,EU27_2020_EXTRA,TOTAL,1,VALUE_IN_EUROS,2023-01,271387091,
ESTAT:DS-045409(1.0),21/05/24 11:00:00,M,MT,EU27_2020_EXTRA,TOTAL,1,VALUE_IN_EUROS,2023-02,217462718,
ESTAT:DS-045409(1.0),21/05/24 11:00:00,M,MT,EU27_2020_EXTRA,TOTAL,1,VALUE_IN_EUROS,2023-03,173179357,
ESTAT:DS-045409(1.0),21/05/24 11:00:00,M,MT,EU27_2020_EXTRA,TOTAL,1,VALUE_IN_EUROS,2023-04,344121552,
ESTAT:DS-045409(1.0),21/05/24 11:00:00,M,MT,EU27_2020_EXTRA,TOTAL,1,VALUE_IN_EUROS,2023-05,257756716,
ESTAT:DS-045409(1.0),21/05/24 11:00:00,M,MT,EU27_2020_EXTRA,TOTAL,1,VALUE_IN_EUROS,2023-06,249130137,
ESTAT:DS-045409(1.0),21/05/24 11:00:00,M,MT,EU27_2020_EXTRA,TOTAL,1,VALUE_IN_EUROS,2023-07,277851715,
ESTAT:DS-045409(1.0),21/05/24 11:00:00,M,MT,EU27_2020_EXTRA,TOTAL,1,VALUE_IN_EUROS,2023-08,215742332,
ESTAT:DS-045409(1.0),21/05/24 11:00:00,M,MT,EU27_2020_EXTRA,TOTAL,1,VALUE_IN_EUROS,2023-09,258541489,
ESTAT:DS-045409(1.0),21/05/24 11:00:00,M,MT,EU27_2020_EXTRA,TOTAL,1,VALUE_IN_EUROS,2023-10,228856833,
ESTAT:DS-045409(1.0),21/05/24 11:00:00,M,MT,EU27_2020_EXTRA,TOTAL,1,VALUE_IN_EUROS,2023-11,214912048,
ESTAT:DS-045409(1.0),21/05/24 11:00:00,M,MT,EU27_2020_EXTRA,TOTAL,1,VALUE_IN_EUROS,2023-12,184965851,
ESTAT:DS-045409(1.0),21/05/24 11:00:00,M,MT,EU27_2020_EXTRA,TOTAL,1,VALUE_IN_EUROS,2024-01,241148531,
ESTAT:DS-045409(1.0),21/05/24 11:00:00,M,MT,EU27_2020_EXTRA,TOTAL,1,VALUE_IN_EUROS,2024-02,204647015,
ESTAT:DS-045409(1.0),21/05/24 11:00:00,M,MT,EU27_2020_EXTRA,TOTAL,1,VALUE_IN_EUROS,2024-03,226243310,
ESTAT:DS-045409(1.0),21/05/24 11:00:00,M,NL,EU27_2020_EXTRA,TOTAL,1,VALUE_IN_EUROS,2022-01,36755818243,
ESTAT:DS-045409(1.0),21/05/24 11:00:00,M,NL,EU27_2020_EXTRA,TOTAL,1,VALUE_IN_EUROS,2022-02,33654310343,
ESTAT:DS-045409(1.0),21/05/24 11:00:00,M,NL,EU27_2020_EXTRA,TOTAL,1,VALUE_IN_EUROS,2022-03,43408759543,
ESTAT:DS-045409(1.0),21/05/24 11:00:00,M,NL,EU27_2020_EXTRA,TOTAL,1,VALUE_IN_EUROS,2022-04,40342455583,
ESTAT:DS-045409(1.0),21/05/24 11:00:00,M,NL,EU27_2020_EXTRA,TOTAL,1,VALUE_IN_EUROS,2022-05,45843736642,
ESTAT:DS-045409(1.0),21/05/24 11:00:00,M,NL,EU27_2020_EXTRA,TOTAL,1,VALUE_IN_EUROS,2022-06,45211121015,
ESTAT:DS-045409(1.0),21/05/24 11:00:00,M,NL,EU27_2020_EXTRA,TOTAL,1,VALUE_IN_EUROS,2022-07,42546488230,
ESTAT:DS-045409(1.0),21/05/24 11:00:00,M,NL,EU27_2020_EXTRA,TOTAL,1,VALUE_IN_EUROS,2022-08,48090462991,
ESTAT:DS-045409(1.0),21/05/24 11:00:00,M,NL,EU27_2020_EXTRA,TOTAL,1,VALUE_IN_EUROS,2022-09,49603203355,
ESTAT:DS-045409(1.0),21/05/24 11:00:00,M,NL,EU27_2020_EXTRA,TOTAL,1,VALUE_IN_EUROS,2022-10,50536327329,
ESTAT:DS-045409(1.0),21/05/24 11:00:00,M,NL,EU27_2020_EXTRA,TOTAL,1,VALUE_IN_EUROS,2022-11,45893896278,
ESTAT:DS-045409(1.0),21/05/24 11:00:00,M,NL,EU27_2020_EXTRA,TOTAL,1,VALUE_IN_EUROS,2022-12,41704942151,
ESTAT:DS-045409(1.0),21/05/24 11:00:00,M,NL,EU27_2020_EXTRA,TOTAL,1,VALUE_IN_EUROS,2023-01,42913053053,
ESTAT:DS-045409(1.0),21/05/24 11:00:00,M,NL,EU27_2020_EXTRA,TOTAL,1,VALUE_IN_EUROS,2023-02,37540039706,
ESTAT:DS-045409(1.0),21/05/24 11:00:00,M,NL,EU27_2020_EXTRA,TOTAL,1,VALUE_IN_EUROS,2023-03,41335571133,
ESTAT:DS-045409(1.0),21/05/24 11:00:00,M,NL,EU27_2020_EXTRA,TOTAL,1,VALUE_IN_EUROS,2023-04,38225704617,
ESTAT:DS-045409(1.0),21/05/24 11:00:00,M,NL,EU27_2020_EXTRA,TOTAL,1,VALUE_IN_EUROS,2023-05,39954350952,
ESTAT:DS-045409(1.0),21/05/24 11:00:00,M,NL,EU27_2020_EXTRA,TOTAL,1,VALUE_IN_EUROS,2023-06,37324058207,
ESTAT:DS-045409(1.0),21/05/24 11:00:00,M,NL,EU27_2020_EXTRA,TOTAL,1,VALUE_IN_EUROS,2023-07,37688753502,
ESTAT:DS-045409(1.0),21/05/24 11:00:00,M,NL,EU27_2020_EXTRA,TOTAL,1,VALUE_IN_EUROS,2023-08,37034957556,
ESTAT:DS-045409(1.0),21/05/24 11:00:00,M,NL,EU27_2020_EXTRA,TOTAL,1,VALUE_IN_EUROS,2023-09,35550925010,
ESTAT:DS-045409(1.0),21/05/24 11:00:00,M,NL,EU27_2020_EXTRA,TOTAL,1,VALUE_IN_EUROS,2023-10,39396101493,
ESTAT:DS-045409(1.0),21/05/24 11:00:00,M,NL,EU27_2020_EXTRA,TOTAL,1,VALUE_IN_EUROS,2023-11,37396742084,
ESTAT:DS-045409(1.0),21/05/24 11:00:00,M,NL,EU27_2020_EXTRA,TOTAL,1,VALUE_IN_EUROS,2023-12,33514000767,
ESTAT:DS-045409(1.0),21/05/24 11:00:00,M,NL,EU27_2020_EXTRA,TOTAL,1,VALUE_IN_EUROS,2024-01,33228767068,
ESTAT:DS-045409(1.0),21/05/24 11:00:00,M,NL,EU27_2020_EXTRA,TOTAL,1,VALUE_IN_EUROS,2024-02,32599076859,
ESTAT:DS-045409(1.0),21/05/24 11:00:00,M,NL,EU27_2020_EXTRA,TOTAL,1,VALUE_IN_EUROS,2024-03,35266136642,
ESTAT:DS-045409(1.0),21/05/24 11:00:00,M,PL,EU27_2020_EXTRA,TOTAL,1,VALUE_IN_EUROS,2022-01,8762852732,
ESTAT:DS-045409(1.0),21/05/24 11:00:00,M,PL,EU27_2020_EXTRA,TOTAL,1,VALUE_IN_EUROS,2022-02,9278625576,
ESTAT:DS-045409(1.0),21/05/24 11:00:00,M,PL,EU27_2020_EXTRA,TOTAL,1,VALUE_IN_EUROS,2022-03,11204750105,
ESTAT:DS-045409(1.0),21/05/24 11:00:00,M,PL,EU27_2020_EXTRA,TOTAL,1,VALUE_IN_EUROS,2022-04,11109743093,
ESTAT:DS-045409(1.0),21/05/24 11:00:00,M,PL,EU27_2020_EXTRA,TOTAL,1,VALUE_IN_EUROS,2022-05,9926418402,
ESTAT:DS-045409(1.0),21/05/24 11:00:00,M,PL,EU27_2020_EXTRA,TOTAL,1,VALUE_IN_EUROS,2022-06,10924485628,
ESTAT:DS-045409(1.0),21/05/24 11:00:00,M,PL,EU27_2020_EXTRA,TOTAL,1,VALUE_IN_EUROS,2022-07,10786842550,
ESTAT:DS-045409(1.0),21/05/24 11:00:00,M,PL,EU27_2020_EXTRA,TOTAL,1,VALUE_IN_EUROS,2022-08,11444682820,
ESTAT:DS-045409(1.0),21/05/24 11:00:00,M,PL,EU27_2020_EXTRA,TOTAL,1,VALUE_IN_EUROS,2022-09,12117135418,
ESTAT:DS-045409(1.0),21/05/24 11:00:00,M,PL,EU27_2020_EXTRA,TOTAL,1,VALUE_IN_EUROS,2022-10,12766454181,
ESTAT:DS-045409(1.0),21/05/24 11:00:00,M,PL,EU27_2020_EXTRA,TOTAL,1,VALUE_IN_EUROS,2022-11,11595188941,
ESTAT:DS-045409(1.0),21/05/24 11:00:00,M,PL,EU27_2020_EXTRA,TOTAL,1,VALUE_IN_EUROS,2022-12,11209231699,
ESTAT:DS-045409(1.0),21/05/24 11:00:00,M,PL,EU27_2020_EXTRA,TOTAL,1,VALUE_IN_EUROS,2023-01,10043435467,
ESTAT:DS-045409(1.0),21/05/24 11:00:00,M,PL,EU27_2020_EXTRA,TOTAL,1,VALUE_IN_EUROS,2023-02,9059898543,
ESTAT:DS-045409(1.0),21/05/24 11:00:00,M,PL,EU27_2020_EXTRA,TOTAL,1,VALUE_IN_EUROS,2023-03,10006168395,
ESTAT:DS-045409(1.0),21/05/24 11:00:00,M,PL,EU27_2020_EXTRA,TOTAL,1,VALUE_IN_EUROS,2023-04,9231767826,
ESTAT:DS-045409(1.0),21/05/24 11:00:00,M,PL,EU27_2020_EXTRA,TOTAL,1,VALUE_IN_EUROS,2023-05,9575187892,
ESTAT:DS-045409(1.0),21/05/24 11:00:00,M,PL,EU27_2020_EXTRA,TOTAL,1,VALUE_IN_EUROS,2023-06,8806525846,
ESTAT:DS-045409(1.0),21/05/24 11:00:00,M,PL,EU27_2020_EXTRA,TOTAL,1,VALUE_IN_EUROS,2023-07,8741603643,
ESTAT:DS-045409(1.0),21/05/24 11:00:00,M,PL,EU27_2020_EXTRA,TOTAL,1,VALUE_IN_EUROS,2023-08,8664064267,
ESTAT:DS-045409(1.0),21/05/24 11:00:00,M,PL,EU27_2020_EXTRA,TOTAL,1,VALUE_IN_EUROS,2023-09,8691708423,
ESTAT:DS-045409(1.0),21/05/24 11:00:00,M,PL,EU27_2020_EXTRA,TOTAL,1,VALUE_IN_EUROS,2023-10,9895097765,
ESTAT:DS-045409(1.0),21/05/24 11:00:00,M,PL,EU27_2020_EXTRA,TOTAL,1,VALUE_IN_EUROS,2023-11,9872531773,
ESTAT:DS-045409(1.0),21/05/24 11:00:00,M,PL,EU27_2020_EXTRA,TOTAL,1,VALUE_IN_EUROS,2023-12,8665979801,
ESTAT:DS-045409(1.0),21/05/24 11:00:00,M,PL,EU27_2020_EXTRA,TOTAL,1,VALUE_IN_EUROS,2024-01,8445339715,
ESTAT:DS-045409(1.0),21/05/24 11:00:00,M,PL,EU27_2020_EXTRA,TOTAL,1,VALUE_IN_EUROS,2024-02,8687551833,
ESTAT:DS-045409(1.0),21/05/24 11:00:00,M,PL,EU27_2020_EXTRA,TOTAL,1,VALUE_IN_EUROS,2024-03,8883755381,
ESTAT:DS-045409(1.0),21/05/24 11:00:00,M,PT,EU27_2020_EXTRA,TOTAL,1,VALUE_IN_EUROS,2022-01,2382944777,
ESTAT:DS-045409(1.0),21/05/24 11:00:00,M,PT,EU27_2020_EXTRA,TOTAL,1,VALUE_IN_EUROS,2022-02,2366335975,
ESTAT:DS-045409(1.0),21/05/24 11:00:00,M,PT,EU27_2020_EXTRA,TOTAL,1,VALUE_IN_EUROS,2022-03,2532383520,
ESTAT:DS-045409(1.0),21/05/24 11:00:00,M,PT,EU27_2020_EXTRA,TOTAL,1,VALUE_IN_EUROS,2022-04,2604591068,
ESTAT:DS-045409(1.0),21/05/24 11:00:00,M,PT,EU27_2020_EXTRA,TOTAL,1,VALUE_IN_EUROS,2022-05,3161333430,
ESTAT:DS-045409(1.0),21/05/24 11:00:00,M,PT,EU27_2020_EXTRA,TOTAL,1,VALUE_IN_EUROS,2022-06,3261042100,
ESTAT:DS-045409(1.0),21/05/24 11:00:00,M,PT,EU27_2020_EXTRA,TOTAL,1,VALUE_IN_EUROS,2022-07,3084643061,
ESTAT:DS-045409(1.0),21/05/24 11:00:00,M,PT,EU27_2020_EXTRA,TOTAL,1,VALUE_IN_EUROS,2022-08,3423291862,
ESTAT:DS-045409(1.0),21/05/24 11:00:00,M,PT,EU27_2020_EXTRA,TOTAL,1,VALUE_IN_EUROS,2022-09,2947436193,
ESTAT:DS-045409(1.0),21/05/24 11:00:00,M,PT,EU27_2020_EXTRA,TOTAL,1,VALUE_IN_EUROS,2022-10,2537369919,
ESTAT:DS-045409(1.0),21/05/24 11:00:00,M,PT,EU27_2020_EXTRA,TOTAL,1,VALUE_IN_EUROS,2022-11,2822554579,
ESTAT:DS-045409(1.0),21/05/24 11:00:00,M,PT,EU27_2020_EXTRA,TOTAL,1,VALUE_IN_EUROS,2022-12,2271108455,
ESTAT:DS-045409(1.0),21/05/24 11:00:00,M,PT,EU27_2020_EXTRA,TOTAL,1,VALUE_IN_EUROS,2023-01,2395637284,
ESTAT:DS-045409(1.0),21/05/24 11:00:00,M,PT,EU27_2020_EXTRA,TOTAL,1,VALUE_IN_EUROS,2023-02,2105755903,
ESTAT:DS-045409(1.0),21/05/24 11:00:00,M,PT,EU27_2020_EXTRA,TOTAL,1,VALUE_IN_EUROS,2023-03,2300807858,
ESTAT:DS-045409(1.0),21/05/24 11:00:00,M,PT,EU27_2020_EXTRA,TOTAL,1,VALUE_IN_EUROS,2023-04,2117261512,
ESTAT:DS-045409(1.0),21/05/24 11:00:00,M,PT,EU27_2020_EXTRA,TOTAL,1,VALUE_IN_EUROS,2023-05,2543596422,
ESTAT:DS-045409(1.0),21/05/24 11:00:00,M,PT,EU27_2020_EXTRA,TOTAL,1,VALUE_IN_EUROS,2023-06,2366110515,
ESTAT:DS-045409(1.0),21/05/24 11:00:00,M,PT,EU27_2020_EXTRA,TOTAL,1,VALUE_IN_EUROS,2023-07,2230094472,
ESTAT:DS-045409(1.0),21/05/24 11:00:00,M,PT,EU27_2020_EXTRA,TOTAL,1,VALUE_IN_EUROS,2023-08,2189959706,
ESTAT:DS-045409(1.0),21/05/24 11:00:00,M,PT,EU27_2020_EXTRA,TOTAL,1,VALUE_IN_EUROS,2023-09,2191931204,
ESTAT:DS-045409(1.0),21/05/24 11:00:00,M,PT,EU27_2020_EXTRA,TOTAL,1,VALUE_IN_EUROS,2023-10,2272471962,
ESTAT:DS-045409(1.0),21/05/24 11:00:00,M,PT,EU27_2020_EXTRA,TOTAL,1,VALUE_IN_EUROS,2023-11,1968116453,
ESTAT:DS-045409(1.0),21/05/24 11:00:00,M,PT,EU27_2020_EXTRA,TOTAL,1,VALUE_IN_EUROS,2023-12,2060895862,
ESTAT:DS-045409(1.0),21/05/24 11:00:00,M,PT,EU27_2020_EXTRA,TOTAL,1,VALUE_IN_EUROS,2024-01,2021757958,
ESTAT:DS-045409(1.0),21/05/24 11:00:00,M,PT,EU27_2020_EXTRA,TOTAL,1,VALUE_IN_EUROS,2024-02,2119791582,
ESTAT:DS-045409(1.0),21/05/24 11:00:00,M,PT,EU27_2020_EXTRA,TOTAL,1,VALUE_IN_EUROS,2024-03,2000762680,
ESTAT:DS-045409(1.0),21/05/24 11:00:00,M,RO,EU27_2020_EXTRA,TOTAL,1,VALUE_IN_EUROS,2022-01,2709899759,
ESTAT:DS-045409(1.0),21/05/24 11:00:00,M,RO,EU27_2020_EXTRA,TOTAL,1,VALUE_IN_EUROS,2022-02,2725279552,
ESTAT:DS-045409(1.0),21/05/24 11:00:00,M,RO,EU27_2020_EXTRA,TOTAL,1,VALUE_IN_EUROS,2022-03,2843777996,
ESTAT:DS-045409(1.0),21/05/24 11:00:00,M,RO,EU27_2020_EXTRA,TOTAL,1,VALUE_IN_EUROS,2022-04,2972993212,
ESTAT:DS-045409(1.0),21/05/24 11:00:00,M,RO,EU27_2020_EXTRA,TOTAL,1,VALUE_IN_EUROS,2022-05,3116074207,
ESTAT:DS-045409(1.0),21/05/24 11:00:00,M,RO,EU27_2020_EXTRA,TOTAL,1,VALUE_IN_EUROS,2022-06,3210599536,
ESTAT:DS-045409(1.0),21/05/24 11:00:00,M,RO,EU27_2020_EXTRA,TOTAL,1,VALUE_IN_EUROS,2022-07,3508072529,
ESTAT:DS-045409(1.0),21/05/24 11:00:00,M,RO,EU27_2020_EXTRA,TOTAL,1,VALUE_IN_EUROS,2022-08,3474524674,
ESTAT:DS-045409(1.0),21/05/24 11:00:00,M,RO,EU27_2020_EXTRA,TOTAL,1,VALUE_IN_EUROS,2022-09,3221236077,
ESTAT:DS-045409(1.0),21/05/24 11:00:00,M,RO,EU27_2020_EXTRA,TOTAL,1,VALUE_IN_EUROS,2022-10,3247366847,
ESTAT:DS-045409(1.0),21/05/24 11:00:00,M,RO,EU27_2020_EXTRA,TOTAL,1,VALUE_IN_EUROS,2022-11,3098283489,
ESTAT:DS-045409(1.0),21/05/24 11:00:00,M,RO,EU27_2020_EXTRA,TOTAL,1,VALUE_IN_EUROS,2022-12,2615402885,
ESTAT:DS-045409(1.0),21/05/24 11:00:00,M,RO,EU27_2020_EXTRA,TOTAL,1,VALUE_IN_EUROS,2023-01,2617483057,
ESTAT:DS-045409(1.0),21/05/24 11:00:00,M,RO,EU27_2020_EXTRA,TOTAL,1,VALUE_IN_EUROS,2023-02,2582287667,
ESTAT:DS-045409(1.0),21/05/24 11:00:00,M,RO,EU27_2020_EXTRA,TOTAL,1,VALUE_IN_EUROS,2023-03,2803773399,
ESTAT:DS-045409(1.0),21/05/24 11:00:00,M,RO,EU27_2020_EXTRA,TOTAL,1,VALUE_IN_EUROS,2023-04,2527665256,
ESTAT:DS-045409(1.0),21/05/24 11:00:00,M,RO,EU27_2020_EXTRA,TOTAL,1,VALUE_IN_EUROS,2023-05,3062258469,
ESTAT:DS-045409(1.0),21/05/24 11:00:00,M,RO,EU27_2020_EXTRA,TOTAL,1,VALUE_IN_EUROS,2023-06,2496026023,
ESTAT:DS-045409(1.0),21/05/24 11:00:00,M,RO,EU27_2020_EXTRA,TOTAL,1,VALUE_IN_EUROS,2023-07,2571328557,
ESTAT:DS-045409(1.0),21/05/24 11:00:00,M,RO,EU27_2020_EXTRA,TOTAL,1,VALUE_IN_EUROS,2023-08,2838148602,
ESTAT:DS-045409(1.0),21/05/24 11:00:00,M,RO,EU27_2020_EXTRA,TOTAL,1,VALUE_IN_EUROS,2023-09,2642564121,
ESTAT:DS-045409(1.0),21/05/24 11:00:00,M,RO,EU27_2020_EXTRA,TOTAL,1,VALUE_IN_EUROS,2023-10,3084359144,
ESTAT:DS-045409(1.0),21/05/24 11:00:00,M,RO,EU27_2020_EXTRA,TOTAL,1,VALUE_IN_EUROS,2023-11,2588430780,
ESTAT:DS-045409(1.0),21/05/24 11:00:00,M,RO,EU27_2020_EXTRA,TOTAL,1,VALUE_IN_EUROS,2023-12,2704825927,
ESTAT:DS-045409(1.0),21/05/24 11:00:00,M,RO,EU27_2020_EXTRA,TOTAL,1,VALUE_IN_EUROS,2024-01,2394148107,
ESTAT:DS-045409(1.0),21/05/24 11:00:00,M,RO,EU27_2020_EXTRA,TOTAL,1,VALUE_IN_EUROS,2024-02,2686156977,
ESTAT:DS-045409(1.0),21/05/24 11:00:00,M,RO,EU27_2020_EXTRA,TOTAL,1,VALUE_IN_EUROS,2024-03,2629009514,
ESTAT:DS-045409(1.0),21/05/24 11:00:00,M,SE,EU27_2020_EXTRA,TOTAL,1,VALUE_IN_EUROS,2022-01,5168734757,
ESTAT:DS-045409(1.0),21/05/24 11:00:00,M,SE,EU27_2020_EXTRA,TOTAL,1,VALUE_IN_EUROS,2022-02,5029854538,
ESTAT:DS-045409(1.0),21/05/24 11:00:00,M,SE,EU27_2020_EXTRA,TOTAL,1,VALUE_IN_EUROS,2022-03,6170709136,
ESTAT:DS-045409(1.0),21/05/24 11:00:00,M,SE,EU27_2020_EXTRA,TOTAL,1,VALUE_IN_EUROS,2022-04,5928496897,
ESTAT:DS-045409(1.0),21/05/24 11:00:00,M,SE,EU27_2020_EXTRA,TOTAL,1,VALUE_IN_EUROS,2022-05,6258409116,
ESTAT:DS-045409(1.0),21/05/24 11:00:00,M,SE,EU27_2020_EXTRA,TOTAL,1,VALUE_IN_EUROS,2022-06,6001421815,
ESTAT:DS-045409(1.0),21/05/24 11:00:00,M,SE,EU27_2020_EXTRA,TOTAL,1,VALUE_IN_EUROS,2022-07,6198453310,
ESTAT:DS-045409(1.0),21/05/24 11:00:00,M,SE,EU27_2020_EXTRA,TOTAL,1,VALUE_IN_EUROS,2022-08,6247302852,
ESTAT:DS-045409(1.0),21/05/24 11:00:00,M,SE,EU27_2020_EXTRA,TOTAL,1,VALUE_IN_EUROS,2022-09,5730861303,
ESTAT:DS-045409(1.0),21/05/24 11:00:00,M,SE,EU27_2020_EXTRA,TOTAL,1,VALUE_IN_EUROS,2022-10,6092767319,
ESTAT:DS-045409(1.0),21/05/24 11:00:00,M,SE,EU27_2020_EXTRA,TOTAL,1,VALUE_IN_EUROS,2022-11,6405430714,
ESTAT:DS-045409(1.0),21/05/24 11:00:00,M,SE,EU27_2020_EXTRA,TOTAL,1,VALUE_IN_EUROS,2022-12,5462166165,
ESTAT:DS-045409(1.0),21/05/24 11:00:00,M,SE,EU27_2020_EXTRA,TOTAL,1,VALUE_IN_EUROS,2023-01,5144959964,
ESTAT:DS-045409(1.0),21/05/24 11:00:00,M,SE,EU27_2020_EXTRA,TOTAL,1,VALUE_IN_EUROS,2023-02,4702065817,
ESTAT:DS-045409(1.0),21/05/24 11:00:00,M,SE,EU27_2020_EXTRA,TOTAL,1,VALUE_IN_EUROS,2023-03,5417517613,
ESTAT:DS-045409(1.0),21/05/24 11:00:00,M,SE,EU27_2020_EXTRA,TOTAL,1,VALUE_IN_EUROS,2023-04,4788839280,
ESTAT:DS-045409(1.0),21/05/24 11:00:00,M,SE,EU27_2020_EXTRA,TOTAL,1,VALUE_IN_EUROS,2023-05,5067967555,
ESTAT:DS-045409(1.0),21/05/24 11:00:00,M,SE,EU27_2020_EXTRA,TOTAL,1,VALUE_IN_EUROS,2023-06,4670958949,
ESTAT:DS-045409(1.0),21/05/24 11:00:00,M,SE,EU27_2020_EXTRA,TOTAL,1,VALUE_IN_EUROS,2023-07,3877724612,
ESTAT:DS-045409(1.0),21/05/24 11:00:00,M,SE,EU27_2020_EXTRA,TOTAL,1,VALUE_IN_EUROS,2023-08,4851033282,
ESTAT:DS-045409(1.0),21/05/24 11:00:00,M,SE,EU27_2020_EXTRA,TOTAL,1,VALUE_IN_EUROS,2023-09,4917083274,
ESTAT:DS-045409(1.0),21/05/24 11:00:00,M,SE,EU27_2020_EXTRA,TOTAL,1,VALUE_IN_EUROS,2023-10,5275779374,
ESTAT:DS-045409(1.0),21/05/24 11:00:00,M,SE,EU27_2020_EXTRA,TOTAL,1,VALUE_IN_EUROS,2023-11,4844475750,
ESTAT:DS-045409(1.0),21/05/24 11:00:00,M,SE,EU27_2020_EXTRA,TOTAL,1,VALUE_IN_EUROS,2023-12,4636689465,
ESTAT:DS-045409(1.0),21/05/24 11:00:00,M,SE,EU27_2020_EXTRA,TOTAL,1,VALUE_IN_EUROS,2024-01,4630281182,
ESTAT:DS-045409(1.0),21/05/24 11:00:00,M,SE,EU27_2020_EXTRA,TOTAL,1,VALUE_IN_EUROS,2024-02,4587249108,
ESTAT:DS-045409(1.0),21/05/24 11:00:00,M,SE,EU27_2020_EXTRA,TOTAL,1,VALUE_IN_EUROS,2024-03,4879684666,
ESTAT:DS-045409(1.0),21/05/24 11:00:00,M,SI,EU27_2020_EXTRA,TOTAL,1,VALUE_IN_EUROS,2022-01,2076437026,
ESTAT:DS-045409(1.0),21/05/24 11:00:00,M,SI,EU27_2020_EXTRA,TOTAL,1,VALUE_IN_EUROS,2022-02,2192982359,
ESTAT:DS-045409(1.0),21/05/24 11:00:00,M,SI,EU27_2020_EXTRA,TOTAL,1,VALUE_IN_EUROS,2022-03,2559742411,
ESTAT:DS-045409(1.0),21/05/24 11:00:00,M,SI,EU27_2020_EXTRA,TOTAL,1,VALUE_IN_EUROS,2022-04,2638220168,
ESTAT:DS-045409(1.0),21/05/24 11:00:00,M,SI,EU27_2020_EXTRA,TOTAL,1,VALUE_IN_EUROS,2022-05,3064747449,
ESTAT:DS-045409(1.0),21/05/24 11:00:00,M,SI,EU27_2020_EXTRA,TOTAL,1,VALUE_IN_EUROS,2022-06,2899933228,
ESTAT:DS-045409(1.0),21/05/24 11:00:00,M,SI,EU27_2020_EXTRA,TOTAL,1,VALUE_IN_EUROS,2022-07,2588709491,
ESTAT:DS-045409(1.0),21/05/24 11:00:00,M,SI,EU27_2020_EXTRA,TOTAL,1,VALUE_IN_EUROS,2022-08,2927732152,
ESTAT:DS-045409(1.0),21/05/24 11:00:00,M,SI,EU27_2020_EXTRA,TOTAL,1,VALUE_IN_EUROS,2022-09,3115184161,
ESTAT:DS-045409(1.0),21/05/24 11:00:00,M,SI,EU27_2020_EXTRA,TOTAL,1,VALUE_IN_EUROS,2022-10,2762594282,
ESTAT:DS-045409(1.0),21/05/24 11:00:00,M,SI,EU27_2020_EXTRA,TOTAL,1,VALUE_IN_EUROS,2022-11,2581904844,
ESTAT:DS-045409(1.0),21/05/24 11:00:00,M,SI,EU27_2020_EXTRA,TOTAL,1,VALUE_IN_EUROS,2022-12,2535132109,
ESTAT:DS-045409(1.0),21/05/24 11:00:00,M,SI,EU27_2020_EXTRA,TOTAL,1,VALUE_IN_EUROS,2023-01,2969583735,
ESTAT:DS-045409(1.0),21/05/24 11:00:00,M,SI,EU27_2020_EXTRA,TOTAL,1,VALUE_IN_EUROS,2023-02,2157802684,
ESTAT:DS-045409(1.0),21/05/24 11:00:00,M,SI,EU27_2020_EXTRA,TOTAL,1,VALUE_IN_EUROS,2023-03,3213759885,
ESTAT:DS-045409(1.0),21/05/24 11:00:00,M,SI,EU27_2020_EXTRA,TOTAL,1,VALUE_IN_EUROS,2023-04,2372505800,
ESTAT:DS-045409(1.0),21/05/24 11:00:00,M,SI,EU27_2020_EXTRA,TOTAL,1,VALUE_IN_EUROS,2023-05,3406612462,
ESTAT:DS-045409(1.0),21/05/24 11:00:00,M,SI,EU27_2020_EXTRA,TOTAL,1,VALUE_IN_EUROS,2023-06,2615998068,
ESTAT:DS-045409(1.0),21/05/24 11:00:00,M,SI,EU27_2020_EXTRA,TOTAL,1,VALUE_IN_EUROS,2023-07,2197159847,
ESTAT:DS-045409(1.0),21/05/24 11:00:00,M,SI,EU27_2020_EXTRA,TOTAL,1,VALUE_IN_EUROS,2023-08,3270664380,
ESTAT:DS-045409(1.0),21/05/24 11:00:00,M,SI,EU27_2020_EXTRA,TOTAL,1,VALUE_IN_EUROS,2023-09,3427616155,
ESTAT:DS-045409(1.0),21/05/24 11:00:00,M,SI,EU27_2020_EXTRA,TOTAL,1,VALUE_IN_EUROS,2023-10,2966151087,
ESTAT:DS-045409(1.0),21/05/24 11:00:00,M,SI,EU27_2020_EXTRA,TOTAL,1,VALUE_IN_EUROS,2023-11,3371353448,
ESTAT:DS-045409(1.0),21/05/24 11:00:00,M,SI,EU27_2020_EXTRA,TOTAL,1,VALUE_IN_EUROS,2023-12,1985389645,
ESTAT:DS-045409(1.0),21/05/24 11:00:00,M,SI,EU27_2020_EXTRA,TOTAL,1,VALUE_IN_EUROS,2024-01,3340930556,
ESTAT:DS-045409(1.0),21/05/24 11:00:00,M,SI,EU27_2020_EXTRA,TOTAL,1,VALUE_IN_EUROS,2024-02,3468017639,
ESTAT:DS-045409(1.0),21/05/24 11:00:00,M,SI,EU27_2020_EXTRA,TOTAL,1,VALUE_IN_EUROS,2024-03,2891855587,
ESTAT:DS-045409(1.0),21/05/24 11:00:00,M,SK,EU27_2020_EXTRA,TOTAL,1,VALUE_IN_EUROS,2022-01,1943300659,
ESTAT:DS-045409(1.0),21/05/24 11:00:00,M,SK,EU27_2020_EXTRA,TOTAL,1,VALUE_IN_EUROS,2022-02,1982163494,
ESTAT:DS-045409(1.0),21/05/24 11:00:00,M,SK,EU27_2020_EXTRA,TOTAL,1,VALUE_IN_EUROS,2022-03,2078382083,
ESTAT:DS-045409(1.0),21/05/24 11:00:00,M,SK,EU27_2020_EXTRA,TOTAL,1,VALUE_IN_EUROS,2022-04,2028748449,
ESTAT:DS-045409(1.0),21/05/24 11:00:00,M,SK,EU27_2020_EXTRA,TOTAL,1,VALUE_IN_EUROS,2022-05,2233398411,
ESTAT:DS-045409(1.0),21/05/24 11:00:00,M,SK,EU27_2020_EXTRA,TOTAL,1,VALUE_IN_EUROS,2022-06,2299339315,
ESTAT:DS-045409(1.0),21/05/24 11:00:00,M,SK,EU27_2020_EXTRA,TOTAL,1,VALUE_IN_EUROS,2022-07,1652019354,
ESTAT:DS-045409(1.0),21/05/24 11:00:00,M,SK,EU27_2020_EXTRA,TOTAL,1,VALUE_IN_EUROS,2022-08,1819201332,
ESTAT:DS-045409(1.0),21/05/24 11:00:00,M,SK,EU27_2020_EXTRA,TOTAL,1,VALUE_IN_EUROS,2022-09,2216079954,
ESTAT:DS-045409(1.0),21/05/24 11:00:00,M,SK,EU27_2020_EXTRA,TOTAL,1,VALUE_IN_EUROS,2022-10,2257219004,
ESTAT:DS-045409(1.0),21/05/24 11:00:00,M,SK,EU27_2020_EXTRA,TOTAL,1,VALUE_IN_EUROS,2022-11,2315076267,
ESTAT:DS-045409(1.0),21/05/24 11:00:00,M,SK,EU27_2020_EXTRA,TOTAL,1,VALUE_IN_EUROS,2022-12,1948337133,
ESTAT:DS-045409(1.0),21/05/24 11:00:00,M,SK,EU27_2020_EXTRA,TOTAL,1,VALUE_IN_EUROS,2023-01,1957045200,
ESTAT:DS-045409(1.0),21/05/24 11:00:00,M,SK,EU27_2020_EXTRA,TOTAL,1,VALUE_IN_EUROS,2023-02,1799816629,
ESTAT:DS-045409(1.0),21/05/24 11:00:00,M,SK,EU27_2020_EXTRA,TOTAL,1,VALUE_IN_EUROS,2023-03,1806791229,
ESTAT:DS-045409(1.0),21/05/24 11:00:00,M,SK,EU27_2020_EXTRA,TOTAL,1,VALUE_IN_EUROS,2023-04,1707384640,
ESTAT:DS-045409(1.0),21/05/24 11:00:00,M,SK,EU27_2020_EXTRA,TOTAL,1,VALUE_IN_EUROS,2023-05,1823414755,
ESTAT:DS-045409(1.0),21/05/24 11:00:00,M,SK,EU27_2020_EXTRA,TOTAL,1,VALUE_IN_EUROS,2023-06,1837863744,
ESTAT:DS-045409(1.0),21/05/24 11:00:00,M,SK,EU27_2020_EXTRA,TOTAL,1,VALUE_IN_EUROS,2023-07,1525176149,
ESTAT:DS-045409(1.0),21/05/24 11:00:00,M,SK,EU27_2020_EXTRA,TOTAL,1,VALUE_IN_EUROS,2023-08,1695715101,
ESTAT:DS-045409(1.0),21/05/24 11:00:00,M,SK,EU27_2020_EXTRA,TOTAL,1,VALUE_IN_EUROS,2023-09,1943906191,
ESTAT:DS-045409(1.0),21/05/24 11:00:00,M,SK,EU27_2020_EXTRA,TOTAL,1,VALUE_IN_EUROS,2023-10,2083701196,
ESTAT:DS-045409(1.0),21/05/24 11:00:00,M,SK,EU27_2020_EXTRA,TOTAL,1,VALUE_IN_EUROS,2023-11,1859207370,
ESTAT:DS-045409(1.0),21/05/24 11:00:00,M,SK,EU27_2020_EXTRA,TOTAL,1,VALUE_IN_EUROS,2023-12,1551832477,
ESTAT:DS-045409(1.0),21/05/24 11:00:00,M,SK,EU27_2020_EXTRA,TOTAL,1,VALUE_IN_EUROS,2024-01,1693104379,
ESTAT:DS-045409(1.0),21/05/24 11:00:00,M,SK,EU27_2020_EXTRA,TOTAL,1,VALUE_IN_EUROS,2024-02,1657793617,
ESTAT:DS-045409(1.0),21/05/24 11:00:00,M,SK,EU27_2020_EXTRA,TOTAL,1,VALUE_IN_EUROS,2024-03,1652914008,
