Fluxo,Ano,Países,Valor US$ FOB
Exportação ,2024,China,42369089552
Exportação ,2024,Estados Unidos,16010439505
Exportação ,2024,Argentina,5003476437
Exportação ,2024,Países Baixos (Holanda),4454697821
Exportação ,2024,Espanha,4385320208
Exportação ,2024,Singapura,3535844305
Exportação ,2024,México,3345038545
Exportação ,2024,Chile,2794353333
Exportação ,2024,Canadá,2244117526
Exportação ,2024,Alemanha,2200283829
Exportação ,2024,Emirados Árabes Unidos,2154421710
Exportação ,2024,Japão,2151218483
Exportação ,2024,Índia,2132415189
Exportação ,2024,Coreia do Sul,2092019339
Exportação ,2024,Itália,1968835325
Exportação ,2024,Malásia,1838879747
Exportação ,2024,Indonésia,1754536133
Exportação ,2024,Turquia,1748486892
Exportação ,2024,Vietnã,1544467392
Exportação ,2024,Paraguai,1411098062
Exportação ,2024,Bélgica,1410353002
Exportação ,2024,Tailândia,1361468917
Exportação ,2024,Colômbia,1349515150
Exportação ,2024,Egito,1341211377
Exportação ,2024,França,1289874489
Exportação ,2024,Reino Unido,1247964796
Exportação ,2024,Arábia Saudita,1226938307
Exportação ,2024,Portugal,1222216619
Exportação ,2024,Bangladesh,1148846713
Exportação ,2024,Argélia,1125373482
Exportação ,2024,Irã,1105507957
Exportação ,2024,Peru,1096158371
Exportação ,2024,Uruguai,1069363804
Exportação ,2024,Filipinas,819382902
Exportação ,2024,Taiwan (Formosa),695856688
Exportação ,2024,Hong Kong,637840628
Exportação ,2024,África do Sul,577365407
Exportação ,2024,Omã,569105222
Exportação ,2024,Bolívia,542378698
Exportação ,2024,Iraque,538901662
Exportação ,2024,Polônia,516106059
Exportação ,2024,Barein,511313380
Exportação ,2024,Noruega,498979799
Exportação ,2024,Rússia,491227801
Exportação ,2024,Suíça,488842451
Exportação ,2024,Venezuela,442374925
Exportação ,2024,Israel,437767088
Exportação ,2024,Equador,409602532
Exportação ,2024,Nigéria,404917816
Exportação ,2024,Panamá,398516345
Exportação ,2024,Marrocos,393323268
Exportação ,2024,República Dominicana,387245714
Exportação ,2024,Líbia,297088027
Exportação ,2024,Costa Rica,295243581
Exportação ,2024,Suécia,264007333
Exportação ,2024,Austrália,238689677
Exportação ,2024,Paquistão,222006266
Exportação ,2024,Senegal,208488051
Exportação ,2024,Dinamarca,207025916
Exportação ,2024,Catar,199761430
Exportação ,2024,Angola,195597426
Exportação ,2024,Eslovênia,193208930
Exportação ,2024,Bulgária,188855133
Exportação ,2024,Tunísia,180034695
Exportação ,2024,Iêmen,178078658
Exportação ,2024,Guatemala,175228441
Exportação ,2024,Libéria,172209355
Exportação ,2024,Jordânia,171775156
Exportação ,2024,Trinidad e Tobago,171476640
Exportação ,2024,Brasil,167308464
Exportação ,2024,Líbano,162440826
Exportação ,2024,Geórgia,152166334
Exportação ,2024,Grécia,149447592
Exportação ,2024,Finlândia,148103968
Exportação ,2024,Cuba,140322997
Exportação ,2024,Guiana,139123382
Exportação ,2024,"Marshall, Ilhas",133345545
Exportação ,2024,Togo,132571045
Exportação ,2024,Camarões,117983572
Exportação ,2024,Gana,113417959
Exportação ,2024,"Cayman, Ilhas",111413510
Exportação ,2024,Coveite (Kuweit),111348754
Exportação ,2024,Uzbequistão,106722023
Exportação ,2024,Jamaica,105306153
Exportação ,2024,Porto Rico,97683700
Exportação ,2024,Hungria,96632750
Exportação ,2024,Honduras,95768708
Exportação ,2024,Mauritânia,93832803
Exportação ,2024,"Congo, República Democrática",92964243
Exportação ,2024,Romênia,85058265
Exportação ,2024,Gâmbia,81823294
Exportação ,2024,Irlanda,80748691
Exportação ,2024,Costa do Marfim,79528165
Exportação ,2024,Guiné,75694168
Exportação ,2024,Islândia,68961261
Exportação ,2024,El Salvador,67947336
Exportação ,2024,Somália,60163501
Exportação ,2024,Bahamas,58909886
Exportação ,2024,Malta,58088216
Exportação ,2024,Nicarágua,49032668
Exportação ,2024,Quênia,46507317
Exportação ,2024,Congo,46351636
Exportação ,2024,Nova Zelândia,45532540
Exportação ,2024,Albânia,45149068
Exportação ,2024,Áustria,38608555
Exportação ,2024,"Virgens, Ilhas (Americanas)",36696159
Exportação ,2024,Letônia,36196975
Exportação ,2024,Estônia,35393461
Exportação ,2024,Benin,33565556
Exportação ,2024,Ilha de Man,31289781
Exportação ,2024,Chipre,29877696
Exportação ,2024,Tanzânia,28377999
Exportação ,2024,"Tcheca, República",28236088
Exportação ,2024,Djibuti,23876920
Exportação ,2024,Gabão,23813938
Exportação ,2024,Croácia,21781571
Exportação ,2024,Ucrânia,21276335
Exportação ,2024,Suriname,20993466
Exportação ,2024,Haiti,20882067
Exportação ,2024,Sérvia,20109151
Exportação ,2024,Lituânia,20081221
Exportação ,2024,Luxemburgo,19668039
Exportação ,2024,Serra Leoa,18134217
Exportação ,2024,Curaçao,18103552
Exportação ,2024,Cabo Verde,17514001
Exportação ,2024,Sri Lanka,16100502
Exportação ,2024,Cazaquistão,15854312
Exportação ,2024,Barbados,15488565
Exportação ,2024,Palestina,14888934
Exportação ,2024,Antígua e Barbuda,14509785
Exportação ,2024,Aruba,14270437
Exportação ,2024,Eslováquia,13731985
Exportação ,2024,Moçambique,13454362
Exportação ,2024,Etiópia,13322614
Exportação ,2024,Síria,12633814
Exportação ,2024,Madagascar,12408833
Exportação ,2024,Guiné Equatorial,11942737
Exportação ,2024,Maldivas,10789710
Exportação ,2024,Burkina Faso,10285787
Exportação ,2024,Mianmar,10266714
Exportação ,2024,Sudão,10010866
Exportação ,2024,Macedônia,9438226
Exportação ,2024,Laos,9383641
Exportação ,2024,Montenegro,8818909
Exportação ,2024,Maurício,8381786
Exportação ,2024,Camboja,8097998
Exportação ,2024,Granada,6623071
Exportação ,2024,Sint Maarten,6516255
Exportação ,2024,Azerbaijão,6267767
Exportação ,2024,Belize,5666291
Exportação ,2024,Liechtenstein,5457237
Exportação ,2024,Comores,5099457
Exportação ,2024,Chade,4547906
Exportação ,2024,Seicheles,4443385
Exportação ,2024,Bermudas,4254779
Exportação ,2024,Polinésia Francesa,4204071
Exportação ,2024,Nova Caledônia,4019878
Exportação ,2024,Guadalupe,3800693
Exportação ,2024,Zâmbia,3693750
Exportação ,2024,Timor Leste,3612286
Exportação ,2024,"Cook, Ilhas",3184804
Exportação ,2024,Zimbábue,3171271
Exportação ,2024,Uganda,3148655
Exportação ,2024,Gibraltar,3041837
Exportação ,2024,Dominica,2852411
Exportação ,2024,Martinica,2658938
Exportação ,2024,Armênia,2649276
Exportação ,2024,São Vicente e Granadinas,2528606
Exportação ,2024,Mongólia,2402966
Exportação ,2024,Papua Nova Guiné,2320367
Exportação ,2024,Tonga,2236865
Exportação ,2024,Guiana Francesa,2229572
Exportação ,2024,Belarus,1982695
Exportação ,2024,Reunião,1971183
Exportação ,2024,Mayotte,1794326
Exportação ,2024,São Tomé e Príncipe,1720894
Exportação ,2024,São Cristóvão e Névis,1692138
Exportação ,2024,Santa Lúcia,1568775
Exportação ,2024,Guiné-Bissau,1543169
Exportação ,2024,"Bonaire, Saint Eustatius e Saba",1356212
Exportação ,2024,Macau,1349768
Exportação ,2024,Butão,1304685
Exportação ,2024,Palau,1288682
Exportação ,2024,Nepal,1202808
Exportação ,2024,Afeganistão,1190697
Exportação ,2024,Namíbia,1168080
Exportação ,2024,Samoa,1129920
Exportação ,2024,Sudão do Sul,989536
Exportação ,2024,"Virgens, Ilhas (Britânicas)",890669
Exportação ,2024,Ruanda,841408
Exportação ,2024,"Turcas e Caicos, Ilhas",832398
Exportação ,2024,São Bartolomeu,821711
Exportação ,2024,Brunei,816957
Exportação ,2024,Malavi,808517
Exportação ,2024,República Centro-Africana,802797
Exportação ,2024,Vanuatu,758069
Exportação ,2024,Bósnia-Herzegovina,737507
Exportação ,2024,Turcomenistão,703566
Exportação ,2024,Níger,703420
Exportação ,2024,Anguilla,673991
Exportação ,2024,Samoa Americana,636112
Exportação ,2024,Mali,623633
Exportação ,2024,Fiji,580722
Exportação ,2024,Moldávia,575713
Exportação ,2024,"Heard e ilhas mcdonald, Ilha",425115
Exportação ,2024,Vaticano,400000
Exportação ,2024,Mônaco,277101
Exportação ,2024,"São Martinho, Ilha de (parte francesa)",272684
Exportação ,2024,Suazilândia,272160
Exportação ,2024,"Pacífico, Ilhas do (EUA)",204238
Exportação ,2024,Botsuana,194997
Exportação ,2024,Antártica,127253
Exportação ,2024,San Marino,126488
Exportação ,2024,"Norfolk, Ilha",120321
Exportação ,2024,Guam,104472
Exportação ,2024,Falkland (Malvinas),98353
Exportação ,2024,Micronésia,87992
Exportação ,2024,Montserrat,79350
Exportação ,2024,"Faroe, Ilhas",76020
Exportação ,2024,Terras Austrais Francesas,68612
Exportação ,2024,"Marianas do Norte, Ilhas",66569
Exportação ,2024,Tadjiquistão,62470
Exportação ,2024,Nauru,58380
Exportação ,2024,Quirguistão,53169
Exportação ,2024,"Salomão, Ilhas",50936
Exportação ,2024,"Cocos (Keeling), Ilhas",49568
Exportação ,2024,Niue,39926
Exportação ,2024,"Bouvet, Ilha",39395
Exportação ,2024,Toquelau,32870
Exportação ,2024,Guernsey,30332
Exportação ,2024,"Geórgia do Sul e Sandwich do Sul, Ilhas",28192
Exportação ,2024,Pitcairn,17685
Exportação ,2024,"Wallis e Futuna, Ilhas",8959
Exportação ,2024,Lesoto,7325
Exportação ,2024,Andorra,282
Exportação ,2024,São Pedro e Miquelon,190
Exportação ,2023,China,104324811805
Exportação ,2023,Estados Unidos,36915459733
Exportação ,2023,Argentina,16712209284
Exportação ,2023,Países Baixos (Holanda),12148381795
Exportação ,2023,México,8571678431
Exportação ,2023,Chile,7944784712
Exportação ,2023,Espanha,7858769806
Exportação ,2023,Singapura,7459246165
Exportação ,2023,Japão,6620217025
Exportação ,2023,Canadá,5772279323
Exportação ,2023,Alemanha,5646806466
Exportação ,2023,Coreia do Sul,5640635083
Exportação ,2023,Índia,4686024342
Exportação ,2023,Indonésia,4110204815
Exportação ,2023,Itália,4085106804
Exportação ,2023,Malásia,4066503324
Exportação ,2023,Colômbia,3822571869
Exportação ,2023,Vietnã,3722437150
Exportação ,2023,Portugal,3716013615
Exportação ,2023,Paraguai,3668617673
Exportação ,2023,Bélgica,3432725603
Exportação ,2023,Turquia,3381552524
Exportação ,2023,Tailândia,3349745364
Exportação ,2023,Reino Unido,3317250184
Exportação ,2023,Arábia Saudita,3203556626
Exportação ,2023,Peru,3196094519
Exportação ,2023,Uruguai,3180924402
Exportação ,2023,Emirados Árabes Unidos,3165705594
Exportação ,2023,França,2932355355
Exportação ,2023,Argélia,2373913302
Exportação ,2023,Egito,2314700830
Exportação ,2023,Irã,2298109484
Exportação ,2023,Bangladesh,2105984306
Exportação ,2023,Taiwan (Formosa),1998612835
Exportação ,2023,Bolívia,1798535294
Exportação ,2023,Polônia,1750837816
Exportação ,2023,África do Sul,1642492859
Exportação ,2023,Filipinas,1550999933
Exportação ,2023,Hong Kong,1438416299
Exportação ,2023,Noruega,1372189386
Exportação ,2023,Suíça,1365845298
Exportação ,2023,Rússia,1343313932
Exportação ,2023,Iraque,1288662425
Exportação ,2023,Marrocos,1238351221
Exportação ,2023,Omã,1191451418
Exportação ,2023,Barein,1171058995
Exportação ,2023,Venezuela,1152749458
Exportação ,2023,Equador,1110177865
Exportação ,2023,República Dominicana,1067075215
Exportação ,2023,Nigéria,976301409
Exportação ,2023,Panamá,949864982
Exportação ,2023,Suécia,812919908
Exportação ,2023,Austrália,712786968
Exportação ,2023,Israel,661867476
Exportação ,2023,Iêmen,608447674
Exportação ,2023,Finlândia,577733224
Exportação ,2023,Guatemala,577223652
Exportação ,2023,Costa Rica,558322091
Exportação ,2023,Dinamarca,540824282
Exportação ,2023,Líbia,450877038
Exportação ,2023,Grécia,439314710
Exportação ,2023,Libéria,415863001
Exportação ,2023,Geórgia,410486192
Exportação ,2023,Angola,409769293
Exportação ,2023,Romênia,407732885
Exportação ,2023,Jordânia,402900277
Exportação ,2023,Brasil,389238015
Exportação ,2023,Tunísia,379709036
Exportação ,2023,Eslovênia,364973120
Exportação ,2023,Catar,363982418
Exportação ,2023,Paquistão,352370192
Exportação ,2023,Líbano,330929879
Exportação ,2023,Guiana,327378421
Exportação ,2023,"Marshall, Ilhas",317921829
Exportação ,2023,Bulgária,315849668
Exportação ,2023,"Virgens, Ilhas (Americanas)",302786170
Exportação ,2023,Gana,297101537
Exportação ,2023,Senegal,292408480
Exportação ,2023,Trinidad e Tobago,289304460
Exportação ,2023,Uzbequistão,268355982
Exportação ,2023,Coveite (Kuweit),268028150
Exportação ,2023,Chipre,237972829
Exportação ,2023,Irlanda,236383049
Exportação ,2023,El Salvador,233816664
Exportação ,2023,Porto Rico,233659031
Exportação ,2023,Mauritânia,233255955
Exportação ,2023,Jamaica,227975428
Exportação ,2023,Costa do Marfim,221966103
Exportação ,2023,Cuba,220138343
Exportação ,2023,Bahamas,219813510
Exportação ,2023,Honduras,205018329
Exportação ,2023,Islândia,196629451
Exportação ,2023,"Congo, República Democrática",192587649
Exportação ,2023,Camarões,177749834
Exportação ,2023,Somália,174602292
Exportação ,2023,Nicarágua,173940031
Exportação ,2023,Guiné,151915400
Exportação ,2023,Togo,145476052
Exportação ,2023,Quênia,126351494
Exportação ,2023,Letônia,121137529
Exportação ,2023,Malta,119083180
Exportação ,2023,Nova Zelândia,116617662
Exportação ,2023,Gâmbia,112619173
Exportação ,2023,Albânia,100489235
Exportação ,2023,Áustria,96290130
Exportação ,2023,Gibraltar,95079730
Exportação ,2023,Djibuti,93192824
Exportação ,2023,Congo,87670924
Exportação ,2023,"Tcheca, República",81838153
Exportação ,2023,Benin,81608854
Exportação ,2023,Maurício,80115144
Exportação ,2023,Tanzânia,73250405
Exportação ,2023,Luxemburgo,73035024
Exportação ,2023,Santa Lúcia,70638174
Exportação ,2023,Mianmar,69654616
Exportação ,2023,Croácia,69180016
Exportação ,2023,Haiti,68423422
Exportação ,2023,Estônia,65605333
Exportação ,2023,Hungria,64471223
Exportação ,2023,Lituânia,53104222
Exportação ,2023,Madagascar,52095364
Exportação ,2023,Gabão,51195407
Exportação ,2023,Cazaquistão,49635186
Exportação ,2023,Suriname,46087412
Exportação ,2023,Serra Leoa,44613646
Exportação ,2023,Sérvia,41889961
Exportação ,2023,Aruba,40758505
Exportação ,2023,Sri Lanka,40142962
Exportação ,2023,Cabo Verde,38926167
Exportação ,2023,Sudão,38253719
Exportação ,2023,Ucrânia,37755858
Exportação ,2023,Curaçao,37393183
Exportação ,2023,Camboja,37197876
Exportação ,2023,Palestina,32214955
Exportação ,2023,Moçambique,29709801
Exportação ,2023,Antígua e Barbuda,28494062
Exportação ,2023,Laos,27896478
Exportação ,2023,Azerbaijão,27665388
Exportação ,2023,Barbados,26312465
Exportação ,2023,Montenegro,25773291
Exportação ,2023,Ilha de Man,25769535
Exportação ,2023,Maldivas,24860011
Exportação ,2023,Eslováquia,24744773
Exportação ,2023,Armênia,24398447
Exportação ,2023,Etiópia,23597636
Exportação ,2023,Macedônia,22666642
Exportação ,2023,Guiné Equatorial,20899007
Exportação ,2023,Liechtenstein,18560049
Exportação ,2023,Timor Leste,16570260
Exportação ,2023,"Virgens, Ilhas (Britânicas)",16518597
Exportação ,2023,Namíbia,16091215
Exportação ,2023,Síria,15326031
Exportação ,2023,Granada,15042331
Exportação ,2023,Belize,14751261
Exportação ,2023,Sint Maarten,13696423
Exportação ,2023,Martinica,11477525
Exportação ,2023,Seicheles,11448158
Exportação ,2023,Zimbábue,10873909
Exportação ,2023,Nova Caledônia,10294012
Exportação ,2023,Uganda,10280197
Exportação ,2023,Guadalupe,9793073
Exportação ,2023,"Cayman, Ilhas",9184804
Exportação ,2023,Comores,8268247
Exportação ,2023,Guiana Francesa,8145903
Exportação ,2023,Chade,7737618
Exportação ,2023,Mayotte,7351476
Exportação ,2023,Zâmbia,7114366
Exportação ,2023,República Centro-Africana,6988372
Exportação ,2023,Guiné-Bissau,6461925
Exportação ,2023,Belarus,6364113
Exportação ,2023,São Cristóvão e Névis,6127324
Exportação ,2023,Dominica,5587092
Exportação ,2023,Reunião,5549117
Exportação ,2023,Sudão do Sul,5393613
Exportação ,2023,Tonga,5316438
Exportação ,2023,São Vicente e Granadinas,5089881
Exportação ,2023,Polinésia Francesa,4885631
Exportação ,2023,Burkina Faso,4178765
Exportação ,2023,Afeganistão,4025760
Exportação ,2023,São Tomé e Príncipe,3720760
Exportação ,2023,"Bonaire, Saint Eustatius e Saba",3435939
Exportação ,2023,Butão,3341419
Exportação ,2023,Mali,3302141
Exportação ,2023,Bermudas,3245417
Exportação ,2023,Malavi,3080472
Exportação ,2023,Moldávia,2972726
Exportação ,2023,Mongólia,2867232
Exportação ,2023,Macau,2811310
Exportação ,2023,Bósnia-Herzegovina,2732852
Exportação ,2023,Tadjiquistão,2277225
Exportação ,2023,São Bartolomeu,2219522
Exportação ,2023,"Turcas e Caicos, Ilhas",2154364
Exportação ,2023,Botsuana,2145461
Exportação ,2023,Palau,2106224
Exportação ,2023,Papua Nova Guiné,2105716
Exportação ,2023,Níger,2040913
Exportação ,2023,Samoa,1997224
Exportação ,2023,Samoa Americana,1834510
Exportação ,2023,Ruanda,1559952
Exportação ,2023,Nepal,1542194
Exportação ,2023,Guam,1528334
Exportação ,2023,Fiji,1218008
Exportação ,2023,Anguilla,1182864
Exportação ,2023,"Heard e ilhas mcdonald, Ilha",1119497
Exportação ,2023,Quirguistão,1057865
Exportação ,2023,Santa Helena,905224
Exportação ,2023,Turcomenistão,889489
Exportação ,2023,"São Martinho, Ilha de (parte francesa)",874608
Exportação ,2023,Mônaco,847460
Exportação ,2023,"Pacífico, Ilhas do (EUA)",678524
Exportação ,2023,Brunei,631394
Exportação ,2023,"Cook, Ilhas",573051
Exportação ,2023,Vanuatu,480747
Exportação ,2023,Burundi,304909
Exportação ,2023,"Norfolk, Ilha",294729
Exportação ,2023,Falkland (Malvinas),226347
Exportação ,2023,Montserrat,220382
Exportação ,2023,Terras Austrais Francesas,216040
Exportação ,2023,"Cocos (Keeling), Ilhas",184416
Exportação ,2023,Micronésia,176587
Exportação ,2023,Niue,140519
Exportação ,2023,Território Britânico do Oceano Índico,118976
Exportação ,2023,Coreia do Norte,98191
Exportação ,2023,"Salomão, Ilhas",95356
Exportação ,2023,Lesoto,84288
Exportação ,2023,Andorra,72851
Exportação ,2023,Jersey,71640
Exportação ,2023,Eritreia,55635
Exportação ,2023,"Faroe, Ilhas",54501
Exportação ,2023,Groenlândia,52867
Exportação ,2023,San Marino,51299
Exportação ,2023,"Wallis e Futuna, Ilhas",44955
Exportação ,2023,Pitcairn,44843
Exportação ,2023,Saara Ocidental,42390
Exportação ,2023,Kiribati,34502
Exportação ,2023,"Aland, Ilhas",31892
Exportação ,2023,Toquelau,27517
Exportação ,2023,Nauru,18351
Exportação ,2023,Suazilândia,1714
Exportação ,2023,Guernsey,977
Exportação ,2023,Svalbard e Jan Mayen,595
Exportação ,2023,Tuvalu,359
Exportação ,2023,Vaticano,121
Exportação ,2022,China,89427761284
Exportação ,2022,Estados Unidos,37437814354
Exportação ,2022,Argentina,15344651930
Exportação ,2022,Países Baixos (Holanda),11927910064
Exportação ,2022,Espanha,9747538076
Exportação ,2022,Chile,9094253694
Exportação ,2022,Singapura,8396198951
Exportação ,2022,México,7050909571
Exportação ,2022,Japão,6619791049
Exportação ,2022,Índia,6301513662
Exportação ,2022,Alemanha,6269326305
Exportação ,2022,Coreia do Sul,6205931665
Exportação ,2022,Canadá,5396844717
Exportação ,2022,Colômbia,5058074609
Exportação ,2022,Itália,4891739114
Exportação ,2022,Bélgica,4375810308
Exportação ,2022,Portugal,4287299907
Exportação ,2022,Irã,4285851065
Exportação ,2022,Malásia,3841774337
Exportação ,2022,Reino Unido,3669494025
Exportação ,2022,Turquia,3550700024
Exportação ,2022,Tailândia,3524292636
Exportação ,2022,Paraguai,3519019653
Exportação ,2022,França,3486660866
Exportação ,2022,Peru,3480152839
Exportação ,2022,Vietnã,3418723756
Exportação ,2022,Emirados Árabes Unidos,3253697551
Exportação ,2022,Indonésia,3095480738
Exportação ,2022,Arábia Saudita,2914703978
Exportação ,2022,Uruguai,2900349856
Exportação ,2022,Egito,2842512911
Exportação ,2022,Bangladesh,2352030735
Exportação ,2022,Rússia,1959195743
Exportação ,2022,Argélia,1917776167
Exportação ,2022,Israel,1883514470
Exportação ,2022,Bolívia,1832686782
Exportação ,2022,África do Sul,1724159853
Exportação ,2022,Filipinas,1528796976
Exportação ,2022,Paquistão,1440918286
Exportação ,2022,Barein,1415140540
Exportação ,2022,Taiwan (Formosa),1415138409
Exportação ,2022,Noruega,1356210681
Exportação ,2022,Hong Kong,1339726057
Exportação ,2022,Venezuela,1329070688
Exportação ,2022,Suíça,1182956461
Exportação ,2022,Equador,1123099456
Exportação ,2022,Polônia,1083550654
Exportação ,2022,Marrocos,1067756229
Exportação ,2022,República Dominicana,1043591361
Exportação ,2022,Omã,1040690852
Exportação ,2022,Nigéria,875278592
Exportação ,2022,Panamá,854774181
Exportação ,2022,Suécia,790881337
Exportação ,2022,Austrália,732783993
Exportação ,2022,Angola,640321765
Exportação ,2022,Finlândia,636444920
Exportação ,2022,Iraque,613363073
Exportação ,2022,Guatemala,564740886
Exportação ,2022,Costa Rica,544675526
Exportação ,2022,Eslovênia,515949293
Exportação ,2022,"Virgens, Ilhas (Americanas)",502583503
Exportação ,2022,Libéria,500962933
Exportação ,2022,Dinamarca,478856383
Exportação ,2022,"Marshall, Ilhas",423699605
Exportação ,2022,Catar,411241720
Exportação ,2022,Romênia,400803311
Exportação ,2022,Jordânia,399921468
Exportação ,2022,Grécia,351561324
Exportação ,2022,Jamaica,350356448
Exportação ,2022,Geórgia,328171305
Exportação ,2022,Iêmen,327830114
Exportação ,2022,Bulgária,323078771
Exportação ,2022,Bahamas,322407850
Exportação ,2022,Líbia,320013073
Exportação ,2022,Tunísia,309163926
Exportação ,2022,Coveite (Kuweit),300939623
Exportação ,2022,Irlanda,298211063
Exportação ,2022,Gana,296357537
Exportação ,2022,Senegal,295961578
Exportação ,2022,Cuba,289925970
Exportação ,2022,Trinidad e Tobago,281168966
Exportação ,2022,Togo,274099630
Exportação ,2022,Islândia,271424359
Exportação ,2022,Guiana,262161431
Exportação ,2022,Líbano,252618047
Exportação ,2022,Malta,247389509
Exportação ,2022,El Salvador,226134567
Exportação ,2022,Honduras,214007395
Exportação ,2022,Porto Rico,205178894
Exportação ,2022,Costa do Marfim,170357491
Exportação ,2022,"Congo, República Democrática",159534560
Exportação ,2022,Nicarágua,146017023
Exportação ,2022,Brasil,143938341
Exportação ,2022,Letônia,134223601
Exportação ,2022,Mauritânia,133455534
Exportação ,2022,Camarões,126113765
Exportação ,2022,Uzbequistão,118602468
Exportação ,2022,Gibraltar,118548009
Exportação ,2022,Nova Zelândia,116952720
Exportação ,2022,Gâmbia,113836106
Exportação ,2022,Guiné,110595092
Exportação ,2022,Áustria,109929160
Exportação ,2022,Croácia,109114088
Exportação ,2022,Chipre,101993828
Exportação ,2022,Albânia,90501023
Exportação ,2022,Ucrânia,89595766
Exportação ,2022,Moçambique,87018958
Exportação ,2022,Sudão,82998691
Exportação ,2022,Luxemburgo,79299742
Exportação ,2022,Benin,78413786
Exportação ,2022,"Bonaire, Saint Eustatius e Saba",77175320
Exportação ,2022,Quênia,68591745
Exportação ,2022,Mianmar,64418806
Exportação ,2022,Congo,63737099
Exportação ,2022,Haiti,61149236
Exportação ,2022,Antígua e Barbuda,57307383
Exportação ,2022,Sérvia,56712409
Exportação ,2022,Hungria,50207666
Exportação ,2022,"Tcheca, República",50059162
Exportação ,2022,Madagascar,48553231
Exportação ,2022,Maurício,47057384
Exportação ,2022,Suriname,43831655
Exportação ,2022,Gabão,42946932
Exportação ,2022,Somália,42080433
Exportação ,2022,Lituânia,40631091
Exportação ,2022,Estônia,40589495
Exportação ,2022,Aruba,39212494
Exportação ,2022,República Centro-Africana,37613858
Exportação ,2022,Curaçao,36560114
Exportação ,2022,Tanzânia,34433398
Exportação ,2022,Eslováquia,34136678
Exportação ,2022,Barbados,32204522
Exportação ,2022,Camboja,31373125
Exportação ,2022,Azerbaijão,30707242
Exportação ,2022,Serra Leoa,30696191
Exportação ,2022,Cabo Verde,30591105
Exportação ,2022,Palestina,30097472
Exportação ,2022,Ilha de Man,28733067
Exportação ,2022,Etiópia,28713223
Exportação ,2022,Maldivas,28184435
Exportação ,2022,Cazaquistão,27258020
Exportação ,2022,Guiné Equatorial,21194477
Exportação ,2022,Montenegro,20849121
Exportação ,2022,Sri Lanka,20364599
Exportação ,2022,Namíbia,19286219
Exportação ,2022,Djibuti,17791162
Exportação ,2022,Macedônia,17536700
Exportação ,2022,Síria,17171270
Exportação ,2022,Liechtenstein,16820722
Exportação ,2022,Granada,16125748
Exportação ,2022,Turcomenistão,14692095
Exportação ,2022,Nova Caledônia,14599743
Exportação ,2022,Sint Maarten,14363108
Exportação ,2022,Belize,13929463
Exportação ,2022,Timor Leste,13769795
Exportação ,2022,Uganda,12695980
Exportação ,2022,Martinica,11186144
Exportação ,2022,Mayotte,11088290
Exportação ,2022,"Cayman, Ilhas",10871707
Exportação ,2022,Guadalupe,10381462
Exportação ,2022,Seicheles,9739326
Exportação ,2022,Armênia,9670326
Exportação ,2022,São Vicente e Granadinas,8764794
Exportação ,2022,"Virgens, Ilhas (Britânicas)",8584882
Exportação ,2022,Polinésia Francesa,8334777
Exportação ,2022,Comores,8029975
Exportação ,2022,Nepal,7779271
Exportação ,2022,Guiana Francesa,7507046
Exportação ,2022,Burkina Faso,6943562
Exportação ,2022,Zâmbia,6911309
Exportação ,2022,Belarus,6595664
Exportação ,2022,Zimbábue,6430702
Exportação ,2022,Bermudas,5687413
Exportação ,2022,Chade,5647410
Exportação ,2022,Reunião,5318280
Exportação ,2022,Dominica,5156755
Exportação ,2022,Mali,4991499
Exportação ,2022,Sudão do Sul,4477579
Exportação ,2022,Moldávia,4291348
Exportação ,2022,São Cristóvão e Névis,4214918
Exportação ,2022,São Tomé e Príncipe,3959326
Exportação ,2022,Macau,3918490
Exportação ,2022,São Bartolomeu,3224305
Exportação ,2022,Malavi,3187908
Exportação ,2022,Papua Nova Guiné,2971400
Exportação ,2022,Santa Lúcia,2910366
Exportação ,2022,Tonga,2802907
Exportação ,2022,Afeganistão,2751417
Exportação ,2022,Níger,2627944
Exportação ,2022,Bósnia-Herzegovina,2618971
Exportação ,2022,Guiné-Bissau,2148738
Exportação ,2022,Ruanda,1966214
Exportação ,2022,"Norfolk, Ilha",1960994
Exportação ,2022,"Turcas e Caicos, Ilhas",1928649
Exportação ,2022,Mongólia,1841202
Exportação ,2022,Botsuana,1824836
Exportação ,2022,Fiji,1821004
Exportação ,2022,Butão,1762189
Exportação ,2022,Samoa Americana,1588762
Exportação ,2022,Samoa,1540343
Exportação ,2022,Laos,1372211
Exportação ,2022,Guam,1156492
Exportação ,2022,Pitcairn,974130
Exportação ,2022,Anguilla,937232
Exportação ,2022,Terras Austrais Francesas,897213
Exportação ,2022,Brunei,854748
Exportação ,2022,"Cook, Ilhas",805683
Exportação ,2022,"São Martinho, Ilha de (parte francesa)",528902
Exportação ,2022,Niue,526168
Exportação ,2022,Vanuatu,500259
Exportação ,2022,Kiribati,416031
Exportação ,2022,Quirguistão,328288
Exportação ,2022,"Pacífico, Ilhas do (EUA)",318263
Exportação ,2022,Antártica,307904
Exportação ,2022,"Heard e ilhas mcdonald, Ilha",303714
Exportação ,2022,Montserrat,240509
Exportação ,2022,Micronésia,193603
Exportação ,2022,Falkland (Malvinas),160886
Exportação ,2022,Palau,149020
Exportação ,2022,"Salomão, Ilhas",137728
Exportação ,2022,Mônaco,135481
Exportação ,2022,"Faroe, Ilhas",112065
Exportação ,2022,Eritreia,98391
Exportação ,2022,Tadjiquistão,86539
Exportação ,2022,Saara Ocidental,78812
Exportação ,2022,"Geórgia do Sul e Sandwich do Sul, Ilhas",71526
Exportação ,2022,Tuvalu,62572
Exportação ,2022,San Marino,58307
Exportação ,2022,Vaticano,41333
Exportação ,2022,Andorra,38049
Exportação ,2022,Suazilândia,27264
Exportação ,2022,Nauru,25884
Exportação ,2022,Lesoto,20434
Exportação ,2022,"Cocos (Keeling), Ilhas",20302
Exportação ,2022,Toquelau,17463
Exportação ,2022,"Wallis e Futuna, Ilhas",17044
Exportação ,2022,Santa Helena,9854
Exportação ,2022,Burundi,6483
Exportação ,2022,Jersey,4557
Exportação ,2022,"Aland, Ilhas",2368
Exportação ,2022,Guernsey,1783
Exportação ,2022,"Bouvet, Ilha",218
Exportação ,2022,"Marianas do Norte, Ilhas",180
Exportação ,2022,Território Britânico do Oceano Índico,175
Exportação ,2022,Groenlândia,39
Exportação ,2021,China,87907887856
Exportação ,2021,Estados Unidos,31145209269
Exportação ,2021,Argentina,11878463042
Exportação ,2021,Países Baixos (Holanda),9316019600
Exportação ,2021,Chile,7018693189
Exportação ,2021,Singapura,5820713782
Exportação ,2021,Coreia do Sul,5670844906
Exportação ,2021,México,5560486888
Exportação ,2021,Japão,5539499830
Exportação ,2021,Espanha,5433174458
Exportação ,2021,Alemanha,5042729163
Exportação ,2021,Canadá,4922330196
Exportação ,2021,Índia,4799018415
Exportação ,2021,Malásia,4674679712
Exportação ,2021,Itália,3861445326
Exportação ,2021,Bélgica,3373762571
Exportação ,2021,Colômbia,3346823307
Exportação ,2021,Turquia,3158206063
Exportação ,2021,Reino Unido,3074722632
Exportação ,2021,Peru,3074356673
Exportação ,2021,Paraguai,3041354534
Exportação ,2021,Tailândia,2691694352
Exportação ,2021,Portugal,2634648032
Exportação ,2021,Vietnã,2619901660
Exportação ,2021,França,2496906114
Exportação ,2021,Emirados Árabes Unidos,2327313250
Exportação ,2021,Arábia Saudita,2070484616
Exportação ,2021,Uruguai,2070259941
Exportação ,2021,Indonésia,2044218977
Exportação ,2021,Suíça,2026920832
Exportação ,2021,Hong Kong,2015212465
Exportação ,2021,Egito,2013901584
Exportação ,2021,Irã,1940973801
Exportação ,2021,Barein,1905161265
Exportação ,2021,Bangladesh,1824425117
Exportação ,2021,Rússia,1587205423
Exportação ,2021,Omã,1545899106
Exportação ,2021,Bolívia,1522067118
Exportação ,2021,Argélia,1518387137
Exportação ,2021,Filipinas,1372550105
Exportação ,2021,Taiwan (Formosa),1366695189
Exportação ,2021,Paquistão,1209283681
Exportação ,2021,Noruega,1206160655
Exportação ,2021,África do Sul,1186757417
Exportação ,2021,Venezuela,1085988997
Exportação ,2021,Nigéria,929679645
Exportação ,2021,Polônia,902531089
Exportação ,2021,Equador,895392093
Exportação ,2021,Suécia,754891817
Exportação ,2021,Panamá,650553200
Exportação ,2021,Israel,597929632
Exportação ,2021,República Dominicana,581170654
Exportação ,2021,Marrocos,565413256
Exportação ,2021,Austrália,560620002
Exportação ,2021,Eslovênia,423899124
Exportação ,2021,Angola,407978405
Exportação ,2021,Iraque,398601509
Exportação ,2021,Finlândia,391642565
Exportação ,2021,Geórgia,366891206
Exportação ,2021,Libéria,356526696
Exportação ,2021,Guatemala,352850327
Exportação ,2021,Romênia,327143316
Exportação ,2021,Dinamarca,326554382
Exportação ,2021,Costa Rica,325562081
Exportação ,2021,Trinidad e Tobago,319616353
Exportação ,2021,Islândia,319040005
Exportação ,2021,Gana,318834722
Exportação ,2021,Líbia,313404080
Exportação ,2021,Tunísia,303023068
Exportação ,2021,"Marshall, Ilhas",294879203
Exportação ,2021,Jordânia,293913280
Exportação ,2021,Bahamas,290409854
Exportação ,2021,Catar,284262967
Exportação ,2021,Iêmen,269456993
Exportação ,2021,Ucrânia,226830618
Exportação ,2021,Grécia,223608975
Exportação ,2021,Bulgária,216475663
Exportação ,2021,Coveite (Kuweit),193662830
Exportação ,2021,Porto Rico,191076427
Exportação ,2021,Santa Lúcia,182400202
Exportação ,2021,Cuba,180163486
Exportação ,2021,Jamaica,171631481
Exportação ,2021,Costa do Marfim,159877329
Exportação ,2021,Honduras,158931440
Exportação ,2021,Líbano,156751304
Exportação ,2021,Senegal,145358769
Exportação ,2021,Irlanda,145001064
Exportação ,2021,Malta,135798078
Exportação ,2021,"Congo, República Democrática",124926820
Exportação ,2021,Uzbequistão,118053359
Exportação ,2021,Guiana,111746287
Exportação ,2021,Gâmbia,107492061
Exportação ,2021,El Salvador,102481369
Exportação ,2021,Togo,100194421
Exportação ,2021,Benin,99635920
Exportação ,2021,Nicarágua,99140783
Exportação ,2021,Áustria,98448318
Exportação ,2021,Mauritânia,84503526
Exportação ,2021,Guiné,83549873
Exportação ,2021,Nova Zelândia,83452659
Exportação ,2021,Mianmar,76964629
Exportação ,2021,Croácia,72411259
Exportação ,2021,"Bonaire, Saint Eustatius e Saba",71939275
Exportação ,2021,Camarões,67467619
Exportação ,2021,Chipre,66532646
Exportação ,2021,Haiti,66410879
Exportação ,2021,Luxemburgo,64173025
Exportação ,2021,Hungria,61795997
Exportação ,2021,Turcomenistão,61621864
Exportação ,2021,Somália,61375407
Exportação ,2021,Congo,60586895
Exportação ,2021,Quênia,59881251
Exportação ,2021,Albânia,59496349
Exportação ,2021,"Tcheca, República",53406852
Exportação ,2021,Maurício,53176390
Exportação ,2021,Síria,46071037
Exportação ,2021,Palestina,43457241
Exportação ,2021,Madagascar,42791397
Exportação ,2021,Serra Leoa,42686939
Exportação ,2021,Suriname,38536838
Exportação ,2021,Curaçao,35297861
Exportação ,2021,Antígua e Barbuda,34198287
Exportação ,2021,Sérvia,33865223
Exportação ,2021,Letônia,30554212
Exportação ,2021,Tanzânia,30549143
Exportação ,2021,Moçambique,28827195
Exportação ,2021,Camboja,28086654
Exportação ,2021,Gabão,27259906
Exportação ,2021,Aruba,26608599
Exportação ,2021,Lituânia,24351808
Exportação ,2021,Cabo Verde,22933555
Exportação ,2021,Sudão,22252852
Exportação ,2021,Estônia,22241696
Exportação ,2021,Eslováquia,20657319
Exportação ,2021,Macau,20464821
Exportação ,2021,Barbados,20419193
Exportação ,2021,Sri Lanka,20250581
Exportação ,2021,Maldivas,19861791
Exportação ,2021,Macedônia,17323596
Exportação ,2021,Belarus,16308508
Exportação ,2021,Guiné Equatorial,16170330
Exportação ,2021,Afeganistão,15834475
Exportação ,2021,Montenegro,13411952
Exportação ,2021,Cazaquistão,12527558
Exportação ,2021,Ilha de Man,12024199
Exportação ,2021,Etiópia,11752367
Exportação ,2021,Azerbaijão,11091986
Exportação ,2021,Granada,10982438
Exportação ,2021,Timor Leste,10710112
Exportação ,2021,Namíbia,10423142
Exportação ,2021,Zimbábue,10328780
Exportação ,2021,Uganda,10193786
Exportação ,2021,Sint Maarten,10032183
Exportação ,2021,Gibraltar,9726955
Exportação ,2021,"Cayman, Ilhas",9680236
Exportação ,2021,Armênia,9273315
Exportação ,2021,Djibuti,9204713
Exportação ,2021,Mali,8867726
Exportação ,2021,Seicheles,8374425
Exportação ,2021,"Virgens, Ilhas (Britânicas)",7470347
Exportação ,2021,Nova Caledônia,7226924
Exportação ,2021,Polinésia Francesa,7070682
Exportação ,2021,Guiana Francesa,7062160
Exportação ,2021,Belize,6917992
Exportação ,2021,Liechtenstein,6130855
Exportação ,2021,Guadalupe,6094484
Exportação ,2021,São Vicente e Granadinas,5904885
Exportação ,2021,Comores,5854721
Exportação ,2021,Moldávia,5603715
Exportação ,2021,Reunião,5203916
Exportação ,2021,Martinica,5182960
Exportação ,2021,Eritreia,4820837
Exportação ,2021,Sudão do Sul,4818831
Exportação ,2021,Zâmbia,4512714
Exportação ,2021,Burkina Faso,4332375
Exportação ,2021,Nepal,4110113
Exportação ,2021,São Cristóvão e Névis,4088191
Exportação ,2021,Dominica,3976259
Exportação ,2021,República Centro-Africana,3904523
Exportação ,2021,Malavi,3532044
Exportação ,2021,Mayotte,3461977
Exportação ,2021,Bermudas,3370047
Exportação ,2021,Chade,3212258
Exportação ,2021,São Tomé e Príncipe,3050736
Exportação ,2021,Papua Nova Guiné,2985409
Exportação ,2021,Níger,2751359
Exportação ,2021,"Pacífico, Ilhas do (EUA)",2254403
Exportação ,2021,Guiné-Bissau,2031036
Exportação ,2021,Samoa Americana,1840235
Exportação ,2021,Brasil,1666599
Exportação ,2021,Tonga,1492864
Exportação ,2021,"Turcas e Caicos, Ilhas",1465634
Exportação ,2021,Vanuatu,1402662
Exportação ,2021,Botsuana,1349586
Exportação ,2021,"Virgens, Ilhas (Americanas)",1230123
Exportação ,2021,Samoa,1204975
Exportação ,2021,São Bartolomeu,1184288
Exportação ,2021,Mongólia,1134828
Exportação ,2021,Brunei,1123301
Exportação ,2021,Fiji,999157
Exportação ,2021,Anguilla,998735
Exportação ,2021,Bósnia-Herzegovina,930192
Exportação ,2021,Ruanda,889849
Exportação ,2021,Quirguistão,716305
Exportação ,2021,"Norfolk, Ilha",707702
Exportação ,2021,Antártica,646617
Exportação ,2021,Guam,645970
Exportação ,2021,"Cook, Ilhas",584541
Exportação ,2021,"São Martinho, Ilha de (parte francesa)",398786
Exportação ,2021,Suazilândia,393191
Exportação ,2021,Nauru,317362
Exportação ,2021,Laos,304025
Exportação ,2021,Palau,300656
Exportação ,2021,Micronésia,280075
Exportação ,2021,São Pedro e Miquelon,259939
Exportação ,2021,Montserrat,256919
Exportação ,2021,Burundi,252073
Exportação ,2021,Kiribati,211937
Exportação ,2021,Terras Austrais Francesas,205400
Exportação ,2021,Butão,200524
Exportação ,2021,"Faroe, Ilhas",155865
Exportação ,2021,Andorra,144410
Exportação ,2021,"Salomão, Ilhas",128669
Exportação ,2021,Tadjiquistão,95362
Exportação ,2021,San Marino,87640
Exportação ,2021,Falkland (Malvinas),72794
Exportação ,2021,"Marianas do Norte, Ilhas",68192
Exportação ,2021,Mônaco,57947
Exportação ,2021,Lesoto,50131
Exportação ,2021,"Bouvet, Ilha",44487
Exportação ,2021,Pitcairn,37819
Exportação ,2021,"Christmas (Navidad), Ilha",34000
Exportação ,2021,Toquelau,29510
Exportação ,2021,Jersey,14499
Exportação ,2021,"Wallis e Futuna, Ilhas",9118
Exportação ,2021,Tuvalu,2101
Exportação ,2021,Niue,1605
Exportação ,2021,Guernsey,1239
Exportação ,2021,"Aland, Ilhas",132
Exportação ,2021,"Cocos (Keeling), Ilhas",38
Exportação ,2020,China,67788075211
Exportação ,2020,Estados Unidos,21471033994
Exportação ,2020,Argentina,8488738068
Exportação ,2020,Países Baixos (Holanda),6704999994
Exportação ,2020,Canadá,4229943109
Exportação ,2020,Japão,4127277226
Exportação ,2020,Alemanha,4123730396
Exportação ,2020,Espanha,4056872702
Exportação ,2020,Chile,3849842523
Exportação ,2020,México,3829385290
Exportação ,2020,Coreia do Sul,3762436944
Exportação ,2020,Singapura,3670976850
Exportação ,2020,Malásia,3202748367
Exportação ,2020,Itália,3054874823
Exportação ,2020,Índia,2884744854
Exportação ,2020,Turquia,2764624246
Exportação ,2020,Bélgica,2640428982
Exportação ,2020,Reino Unido,2537601737
Exportação ,2020,Hong Kong,2327228013
Exportação ,2020,Colômbia,2290911934
Exportação ,2020,Vietnã,2264223048
Exportação ,2020,Paraguai,2152550659
Exportação ,2020,Indonésia,2146532853
Exportação ,2020,Emirados Árabes Unidos,2056784949
Exportação ,2020,Tailândia,2000203570
Exportação ,2020,França,1983797405
Exportação ,2020,Arábia Saudita,1886920066
Exportação ,2020,Uruguai,1761682541
Exportação ,2020,Egito,1754031562
Exportação ,2020,Peru,1659787430
Exportação ,2020,Portugal,1634232076
Exportação ,2020,Bangladesh,1525172756
Exportação ,2020,Rússia,1523729890
Exportação ,2020,Suíça,1358513039
Exportação ,2020,Taiwan (Formosa),1264906143
Exportação ,2020,Argélia,1180063642
Exportação ,2020,Irã,1156565756
Exportação ,2020,Bolívia,1025144926
Exportação ,2020,África do Sul,989028874
Exportação ,2020,Paquistão,978871827
Exportação ,2020,Noruega,908485453
Exportação ,2020,Filipinas,834787687
Exportação ,2020,Polônia,825947732
Exportação ,2020,Venezuela,782121639
Exportação ,2020,Omã,737319150
Exportação ,2020,Barein,673805509
Exportação ,2020,Marrocos,666012089
Exportação ,2020,Equador,599398129
Exportação ,2020,Nigéria,586017154
Exportação ,2020,Iraque,557261577
Exportação ,2020,Austrália,466879251
Exportação ,2020,República Dominicana,454211447
Exportação ,2020,Israel,428907820
Exportação ,2020,Panamá,428305007
Exportação ,2020,Suécia,381063783
Exportação ,2020,Iêmen,364489608
Exportação ,2020,Angola,350318260
Exportação ,2020,Eslovênia,314038861
Exportação ,2020,Finlândia,293926726
Exportação ,2020,Romênia,287738602
Exportação ,2020,Islândia,273225963
Exportação ,2020,Dinamarca,271635876
Exportação ,2020,Catar,271399147
Exportação ,2020,Guatemala,256070608
Exportação ,2020,Costa Rica,244195942
Exportação ,2020,Jordânia,243705893
Exportação ,2020,Tunísia,234214215
Exportação ,2020,Libéria,223333294
Exportação ,2020,Trinidad e Tobago,214409487
Exportação ,2020,Cuba,209301226
Exportação ,2020,"Marshall, Ilhas",207639150
Exportação ,2020,Jamaica,206461408
Exportação ,2020,Geórgia,203930858
Exportação ,2020,Irlanda,199336595
Exportação ,2020,Gana,198413535
Exportação ,2020,Grécia,197798638
Exportação ,2020,Coveite (Kuweit),183898936
Exportação ,2020,Senegal,175860458
Exportação ,2020,Bahamas,172103863
Exportação ,2020,Líbia,166445228
Exportação ,2020,Líbano,157053113
Exportação ,2020,Porto Rico,144682251
Exportação ,2020,Ucrânia,137195801
Exportação ,2020,Benin,127398501
Exportação ,2020,Gâmbia,120041744
Exportação ,2020,Áustria,114092877
Exportação ,2020,Malta,108785689
Exportação ,2020,Honduras,103274579
Exportação ,2020,Mauritânia,98154407
Exportação ,2020,Togo,97287877
Exportação ,2020,Guiné,88481080
Exportação ,2020,El Salvador,85167449
Exportação ,2020,Bulgária,84222821
Exportação ,2020,Nova Zelândia,80940993
Exportação ,2020,Costa do Marfim,80882443
Exportação ,2020,"Congo, República Democrática",80589602
Exportação ,2020,Somália,75033809
Exportação ,2020,Congo,73500144
Exportação ,2020,Nicarágua,62683457
Exportação ,2020,Croácia,57913674
Exportação ,2020,Haiti,57319552
Exportação ,2020,Chipre,56680188
Exportação ,2020,Belarus,56169635
Exportação ,2020,Serra Leoa,55984197
Exportação ,2020,"Cayman, Ilhas",55543855
Exportação ,2020,Hungria,53535443
Exportação ,2020,Síria,51757336
Exportação ,2020,Luxemburgo,50425681
Exportação ,2020,Albânia,48692818
Exportação ,2020,Quênia,46061811
Exportação ,2020,Guiné Equatorial,44844316
Exportação ,2020,Uzbequistão,44748845
Exportação ,2020,"Tcheca, República",44459279
Exportação ,2020,Camarões,41932179
Exportação ,2020,Guiana,41053785
Exportação ,2020,Mianmar,40230828
Exportação ,2020,Santa Lúcia,39175225
Exportação ,2020,Madagascar,38025204
Exportação ,2020,Afeganistão,37429851
Exportação ,2020,Kiribati,36253236
Exportação ,2020,Moçambique,33506659
Exportação ,2020,Turcomenistão,32485494
Exportação ,2020,Suriname,31376040
Exportação ,2020,Gabão,29490419
Exportação ,2020,Aruba,28908881
Exportação ,2020,Armênia,27030789
Exportação ,2020,Sudão,26825644
Exportação ,2020,Palestina,26794037
Exportação ,2020,Lituânia,26746412
Exportação ,2020,"Virgens, Ilhas (Britânicas)",25702600
Exportação ,2020,Curaçao,25580789
Exportação ,2020,Cabo Verde,24861644
Exportação ,2020,Eslováquia,24125325
Exportação ,2020,Sérvia,23949304
Exportação ,2020,Letônia,23463248
Exportação ,2020,Antígua e Barbuda,23076869
Exportação ,2020,Tanzânia,22640097
Exportação ,2020,Maurício,22531919
Exportação ,2020,Camboja,21802344
Exportação ,2020,Estônia,19799738
Exportação ,2020,Sri Lanka,18269982
Exportação ,2020,Djibuti,17823886
Exportação ,2020,Montenegro,15539852
Exportação ,2020,Barbados,11622811
Exportação ,2020,Etiópia,11566684
Exportação ,2020,Macedônia,10803179
Exportação ,2020,Maldivas,9586953
Exportação ,2020,Cazaquistão,9364590
Exportação ,2020,Azerbaijão,9347772
Exportação ,2020,Uganda,8567310
Exportação ,2020,Granada,8106637
Exportação ,2020,Guiana Francesa,7732081
Exportação ,2020,Timor Leste,7075706
Exportação ,2020,Martinica,7025917
Exportação ,2020,Moldávia,6873537
Exportação ,2020,Sint Maarten,6801871
Exportação ,2020,Brasil,6654157
Exportação ,2020,Ilha de Man,6630332
Exportação ,2020,Comores,6516579
Exportação ,2020,Belize,6501915
Exportação ,2020,Namíbia,6441626
Exportação ,2020,Guadalupe,6361115
Exportação ,2020,Seicheles,6220244
Exportação ,2020,Liechtenstein,6078679
Exportação ,2020,Nova Caledônia,5773717
Exportação ,2020,Burkina Faso,5689354
Exportação ,2020,Macau,5338708
Exportação ,2020,Mayotte,5189791
Exportação ,2020,Eritreia,4679733
Exportação ,2020,Papua Nova Guiné,4519909
Exportação ,2020,Bermudas,4486310
Exportação ,2020,Sudão do Sul,4135550
Exportação ,2020,Zimbábue,4047222
Exportação ,2020,Reunião,3929752
Exportação ,2020,República Centro-Africana,3749514
Exportação ,2020,Mali,3659451
Exportação ,2020,Zâmbia,3565675
Exportação ,2020,Guiné-Bissau,3459273
Exportação ,2020,Nepal,3422199
Exportação ,2020,Antártica,3108194
Exportação ,2020,São Tomé e Príncipe,3083209
Exportação ,2020,"Virgens, Ilhas (Americanas)",2980609
Exportação ,2020,São Cristóvão e Névis,2947999
Exportação ,2020,"Bonaire, Saint Eustatius e Saba",2839950
Exportação ,2020,Dominica,2742069
Exportação ,2020,Malavi,2723307
Exportação ,2020,Botsuana,2490746
Exportação ,2020,Mongólia,2421372
Exportação ,2020,Chade,2402992
Exportação ,2020,São Bartolomeu,1950037
Exportação ,2020,São Vicente e Granadinas,1948634
Exportação ,2020,Polinésia Francesa,1891528
Exportação ,2020,Níger,1703668
Exportação ,2020,Gibraltar,1582825
Exportação ,2020,Samoa Americana,1557339
Exportação ,2020,Bósnia-Herzegovina,1520218
Exportação ,2020,"São Martinho, Ilha de (parte francesa)",1502548
Exportação ,2020,Samoa,1161342
Exportação ,2020,Toquelau,1035959
Exportação ,2020,Laos,968894
Exportação ,2020,"Turcas e Caicos, Ilhas",923980
Exportação ,2020,"Pacífico, Ilhas do (EUA)",846562
Exportação ,2020,Fiji,802621
Exportação ,2020,Brunei,748224
Exportação ,2020,Tuvalu,659967
Exportação ,2020,Guam,620940
Exportação ,2020,Anguilla,611760
Exportação ,2020,Quirguistão,609566
Exportação ,2020,Território Britânico do Oceano Índico,594455
Exportação ,2020,Tonga,576323
Exportação ,2020,Groenlândia,484721
Exportação ,2020,Ruanda,422352
Exportação ,2020,"Cook, Ilhas",389903
Exportação ,2020,Terras Austrais Francesas,233231
Exportação ,2020,"Faroe, Ilhas",202515
Exportação ,2020,Andorra,202004
Exportação ,2020,Tadjiquistão,197363
Exportação ,2020,Vanuatu,193102
Exportação ,2020,Montserrat,162024
Exportação ,2020,Santa Helena,135310
Exportação ,2020,"Salomão, Ilhas",108620
Exportação ,2020,Niue,95926
Exportação ,2020,Coreia do Norte,92641
Exportação ,2020,Mônaco,74404
Exportação ,2020,San Marino,70533
Exportação ,2020,Micronésia,67135
Exportação ,2020,"Wallis e Futuna, Ilhas",56314
Exportação ,2020,"Marianas do Norte, Ilhas",51679
Exportação ,2020,Suazilândia,49397
Exportação ,2020,"Christmas (Navidad), Ilha",48593
Exportação ,2020,Saara Ocidental,48570
Exportação ,2020,"Norfolk, Ilha",39182
Exportação ,2020,Falkland (Malvinas),13567
Exportação ,2020,Jersey,11695
Exportação ,2020,Nauru,9767
Exportação ,2020,"Heard e ilhas mcdonald, Ilha",8312
Exportação ,2020,Vaticano,5597
Exportação ,2020,Lesoto,4975
Exportação ,2020,Palau,3997
Exportação ,2020,"Aland, Ilhas",1203
Exportação ,2020,Burundi,698
Exportação ,2020,São Pedro e Miquelon,593
Exportação ,2020,Butão,386
Exportação ,2020,Guernsey,30
Exportação ,2019,China,63357523149
Exportação ,2019,Estados Unidos,29715896624
Exportação ,2019,Argentina,9791499854
Exportação ,2019,Países Baixos (Holanda),7159159102
Exportação ,2019,Japão,5431771362
Exportação ,2019,Chile,5162888571
Exportação ,2019,México,4898470809
Exportação ,2019,Alemanha,4731500358
Exportação ,2019,Espanha,4042567717
Exportação ,2019,Coreia do Sul,3449684548
Exportação ,2019,Canadá,3381608345
Exportação ,2019,Bélgica,3202968826
Exportação ,2019,Itália,3149263671
Exportação ,2019,Colômbia,3100315233
Exportação ,2019,Reino Unido,2959985145
Exportação ,2019,Singapura,2880574445
Exportação ,2019,Malásia,2827949256
Exportação ,2019,Índia,2776645771
Exportação ,2019,França,2609361806
Exportação ,2019,Paraguai,2479932573
Exportação ,2019,Uruguai,2477727460
Exportação ,2019,Hong Kong,2436134607
Exportação ,2019,Emirados Árabes Unidos,2250172962
Exportação ,2019,Peru,2216016093
Exportação ,2019,Irã,2192351146
Exportação ,2019,Turquia,2163756705
Exportação ,2019,Vietnã,2029669319
Exportação ,2019,Arábia Saudita,2027558592
Exportação ,2019,Egito,1831260799
Exportação ,2019,Indonésia,1709890590
Exportação ,2019,Tailândia,1666603457
Exportação ,2019,Rússia,1618719276
Exportação ,2019,Taiwan (Formosa),1507984858
Exportação ,2019,Bolívia,1411089484
Exportação ,2019,Bangladesh,1317931343
Exportação ,2019,Suíça,1243568092
Exportação ,2019,Portugal,1165119273
Exportação ,2019,África do Sul,1132155198
Exportação ,2019,Noruega,1068341199
Exportação ,2019,Argélia,1032260192
Exportação ,2019,Omã,939292437
Exportação ,2019,Polônia,850303321
Exportação ,2019,Equador,832811941
Exportação ,2019,República Dominicana,679737672
Exportação ,2019,Barein,676973182
Exportação ,2019,Iraque,657551786
Exportação ,2019,Filipinas,654993055
Exportação ,2019,Nigéria,593710770
Exportação ,2019,Paquistão,587418219
Exportação ,2019,Panamá,523402308
Exportação ,2019,Catar,486191902
Exportação ,2019,Marrocos,469414824
Exportação ,2019,Austrália,456627908
Exportação ,2019,Angola,444778475
Exportação ,2019,Suécia,439218404
Exportação ,2019,Venezuela,420534410
Exportação ,2019,Israel,371831611
Exportação ,2019,Iêmen,338522817
Exportação ,2019,Jordânia,333738385
Exportação ,2019,Romênia,331461033
Exportação ,2019,Eslovênia,302362505
Exportação ,2019,Dinamarca,298691332
Exportação ,2019,Costa Rica,287684758
Exportação ,2019,Guatemala,285500902
Exportação ,2019,Líbia,281386049
Exportação ,2019,Cuba,266842045
Exportação ,2019,Libéria,257316865
Exportação ,2019,Irlanda,250272441
Exportação ,2019,Líbano,240457106
Exportação ,2019,Trinidad e Tobago,219228674
Exportação ,2019,Tunísia,218775552
Exportação ,2019,"Marshall, Ilhas",215798363
Exportação ,2019,Coveite (Kuweit),212254429
Exportação ,2019,Finlândia,208608503
Exportação ,2019,Geórgia,184619263
Exportação ,2019,Bahamas,175177990
Exportação ,2019,Grécia,172818518
Exportação ,2019,Áustria,149434862
Exportação ,2019,Porto Rico,142604680
Exportação ,2019,Malta,139229195
Exportação ,2019,Belarus,138162965
Exportação ,2019,Luxemburgo,136567314
Exportação ,2019,Senegal,135418988
Exportação ,2019,Bulgária,132078618
Exportação ,2019,Gana,130639847
Exportação ,2019,Islândia,117749562
Exportação ,2019,Cazaquistão,113586422
Exportação ,2019,Mauritânia,112549950
Exportação ,2019,Ucrânia,111042425
Exportação ,2019,Honduras,108012409
Exportação ,2019,El Salvador,101080384
Exportação ,2019,Benin,98986576
Exportação ,2019,"Tcheca, República",90674680
Exportação ,2019,Croácia,90115008
Exportação ,2019,Gâmbia,79005575
Exportação ,2019,Letônia,75362276
Exportação ,2019,Jamaica,75198664
Exportação ,2019,Chipre,74505154
Exportação ,2019,Nova Zelândia,71938923
Exportação ,2019,Hungria,69563163
Exportação ,2019,Nicarágua,69502546
Exportação ,2019,Síria,62919162
Exportação ,2019,Costa do Marfim,61019740
Exportação ,2019,Albânia,58385706
Exportação ,2019,Quênia,57119106
Exportação ,2019,Santa Lúcia,55825919
Exportação ,2019,Mianmar,55455815
Exportação ,2019,"Congo, República Democrática",50467715
Exportação ,2019,Guiné,49955592
Exportação ,2019,Togo,48979890
Exportação ,2019,Guiana,46903728
Exportação ,2019,Macau,46338924
Exportação ,2019,Eslováquia,42939210
Exportação ,2019,Haiti,40626096
Exportação ,2019,Serra Leoa,40275956
Exportação ,2019,Maurício,40173077
Exportação ,2019,Gabão,37790687
Exportação ,2019,Suriname,35594956
Exportação ,2019,Moçambique,35102159
Exportação ,2019,Camarões,35032215
Exportação ,2019,Afeganistão,32459656
Exportação ,2019,Sérvia,30593637
Exportação ,2019,Uzbequistão,27737502
Exportação ,2019,Curaçao,25916427
Exportação ,2019,Madagascar,25674683
Exportação ,2019,Antígua e Barbuda,24811141
Exportação ,2019,Cabo Verde,24777490
Exportação ,2019,Níger,24576049
Exportação ,2019,Aruba,23965172
Exportação ,2019,Lituânia,23829259
Exportação ,2019,Armênia,22852609
Exportação ,2019,Palestina,22560357
Exportação ,2019,Congo,22248977
Exportação ,2019,"Cayman, Ilhas",22092882
Exportação ,2019,Sri Lanka,21249052
Exportação ,2019,"Bonaire, Saint Eustatius e Saba",21149079
Exportação ,2019,Somália,20455922
Exportação ,2019,Coreia do Norte,19883533
Exportação ,2019,Camboja,19184179
Exportação ,2019,Estônia,18373466
Exportação ,2019,Sudão,17267949
Exportação ,2019,Barbados,16773388
Exportação ,2019,Mali,16439089
Exportação ,2019,Tanzânia,16258592
Exportação ,2019,Maldivas,16075540
Exportação ,2019,Macedônia,16060555
Exportação ,2019,Montenegro,14748595
Exportação ,2019,"Virgens, Ilhas (Britânicas)",13126226
Exportação ,2019,Azerbaijão,12114983
Exportação ,2019,Guiana Francesa,12048245
Exportação ,2019,Ilha de Man,11319028
Exportação ,2019,"Turcas e Caicos, Ilhas",10628917
Exportação ,2019,Nova Caledônia,10297102
Exportação ,2019,Granada,10149227
Exportação ,2019,Guiné Equatorial,9496894
Exportação ,2019,Moldávia,9451948
Exportação ,2019,Liechtenstein,8819113
Exportação ,2019,Namíbia,8773007
Exportação ,2019,Etiópia,7975791
Exportação ,2019,Turcomenistão,7701535
Exportação ,2019,Provisão de Navios e Aeronaves,7665446
Exportação ,2019,Sint Maarten,7553908
Exportação ,2019,Burkina Faso,7306465
Exportação ,2019,Belize,7211598
Exportação ,2019,Brasil,6820385
Exportação ,2019,Uganda,6743614
Exportação ,2019,Timor Leste,6708953
Exportação ,2019,Djibuti,6664449
Exportação ,2019,Seicheles,6470449
Exportação ,2019,Guadalupe,6278783
Exportação ,2019,Martinica,5304319
Exportação ,2019,Comores,5098155
Exportação ,2019,Bermudas,4988530
Exportação ,2019,Dominica,4459105
Exportação ,2019,Zâmbia,4444012
Exportação ,2019,Mongólia,4387035
Exportação ,2019,Guiné-Bissau,4189551
Exportação ,2019,Reunião,4169030
Exportação ,2019,Mayotte,3822121
Exportação ,2019,Zimbábue,3805057
Exportação ,2019,Polinésia Francesa,3753688
Exportação ,2019,São Cristóvão e Névis,3379999
Exportação ,2019,Papua Nova Guiné,3323344
Exportação ,2019,São Tomé e Príncipe,3229926
Exportação ,2019,República Centro-Africana,3107948
Exportação ,2019,Nepal,2380250
Exportação ,2019,São Bartolomeu,2309260
Exportação ,2019,Gibraltar,2178115
Exportação ,2019,Andorra,2043442
Exportação ,2019,Chade,1998470
Exportação ,2019,São Vicente e Granadinas,1998115
Exportação ,2019,Brunei,1927114
Exportação ,2019,Sudão do Sul,1808570
Exportação ,2019,Botsuana,1677290
Exportação ,2019,Laos,1632091
Exportação ,2019,"Virgens, Ilhas (Americanas)",1525614
Exportação ,2019,Bósnia-Herzegovina,1498048
Exportação ,2019,"São Martinho, Ilha de (parte francesa)",1341683
Exportação ,2019,Malavi,1278621
Exportação ,2019,Vanuatu,1168499
Exportação ,2019,Anguilla,1095657
Exportação ,2019,Santa Helena,1060944
Exportação ,2019,Fiji,1050823
Exportação ,2019,Tonga,1000047
Exportação ,2019,Samoa,995094
Exportação ,2019,Tuvalu,739034
Exportação ,2019,"Norfolk, Ilha",721875
Exportação ,2019,Samoa Americana,666670
Exportação ,2019,Ruanda,535221
Exportação ,2019,"Wallis e Futuna, Ilhas",502691
Exportação ,2019,Guam,427124
Exportação ,2019,Kiribati,288752
Exportação ,2019,Eritreia,237907
Exportação ,2019,Burundi,208937
Exportação ,2019,Tadjiquistão,206113
Exportação ,2019,Pitcairn,195477
Exportação ,2019,"Pacífico, Ilhas do (EUA)",167886
Exportação ,2019,Palau,162284
Exportação ,2019,Suazilândia,127170
Exportação ,2019,Montserrat,103589
Exportação ,2019,Antártica,102519
Exportação ,2019,Falkland (Malvinas),94395
Exportação ,2019,Micronésia,87134
Exportação ,2019,San Marino,66200
Exportação ,2019,Mônaco,52703
Exportação ,2019,"Christmas (Navidad), Ilha",47373
Exportação ,2019,"Salomão, Ilhas",45315
Exportação ,2019,Nauru,37721
Exportação ,2019,Quirguistão,33698
Exportação ,2019,Saara Ocidental,21574
Exportação ,2019,Butão,18782
Exportação ,2019,Terras Austrais Francesas,10613
Exportação ,2019,Guernsey,8195
Exportação ,2019,"Faroe, Ilhas",6771
Exportação ,2019,Jersey,3638
Exportação ,2019,Groenlândia,2670
Exportação ,2019,"Cook, Ilhas",1212
Exportação ,2019,Território Britânico do Oceano Índico,1166
Exportação ,2019,Lesoto,1052
Exportação ,2019,"Marianas do Norte, Ilhas",270
Exportação ,2019,"Aland, Ilhas",99
Exportação ,2018,China,63929563241
Exportação ,2018,Estados Unidos,28697187835
Exportação ,2018,Argentina,14912622709
Exportação ,2018,Países Baixos (Holanda),8229965989
Exportação ,2018,Chile,6393547598
Exportação ,2018,Alemanha,5206384657
Exportação ,2018,Espanha,5134474054
Exportação ,2018,México,4504798201
Exportação ,2018,Japão,4321411289
Exportação ,2018,Índia,3908941505
Exportação ,2018,Itália,3554477181
Exportação ,2018,Coreia do Sul,3439019735
Exportação ,2018,Canadá,3353111436
Exportação ,2018,Bélgica,3197702813
Exportação ,2018,Uruguai,3007628361
Exportação ,2018,Reino Unido,2986771419
Exportação ,2018,Paraguai,2912317162
Exportação ,2018,Colômbia,2802244302
Exportação ,2018,Hong Kong,2678780137
Exportação ,2018,França,2619712208
Exportação ,2018,Turquia,2369855788
Exportação ,2018,Singapura,2334344693
Exportação ,2018,Irã,2258521335
Exportação ,2018,Peru,2155179824
Exportação ,2018,Egito,2132662929
Exportação ,2018,Arábia Saudita,2100132300
Exportação ,2018,Emirados Árabes Unidos,2040345632
Exportação ,2018,Malásia,2017818306
Exportação ,2018,Vietnã,1934062414
Exportação ,2018,Tailândia,1884967650
Exportação ,2018,Provisão de Navios e Aeronaves,1838215990
Exportação ,2018,Rússia,1654847021
Exportação ,2018,Indonésia,1476563241
Exportação ,2018,Portugal,1453753997
Exportação ,2018,Bolívia,1452665628
Exportação ,2018,África do Sul,1362466344
Exportação ,2018,Bangladesh,1157998140
Exportação ,2018,Taiwan (Formosa),1116479152
Exportação ,2018,Argélia,1007572019
Exportação ,2018,Equador,904655795
Exportação ,2018,Polônia,857083623
Exportação ,2018,Suíça,810834194
Exportação ,2018,Noruega,800583632
Exportação ,2018,República Dominicana,698372342
Exportação ,2018,Omã,674410852
Exportação ,2018,Nigéria,667505817
Exportação ,2018,Filipinas,661987056
Exportação ,2018,Panamá,626601629
Exportação ,2018,Suécia,605308676
Exportação ,2018,Iraque,589125765
Exportação ,2018,Venezuela,575591142
Exportação ,2018,Eslovênia,503414037
Exportação ,2018,Marrocos,484272192
Exportação ,2018,Costa Rica,474113188
Exportação ,2018,Paquistão,471711839
Exportação ,2018,Austrália,469972056
Exportação ,2018,Angola,457457187
Exportação ,2018,Irlanda,455316108
Exportação ,2018,Barein,417798816
Exportação ,2018,Santa Lúcia,410755040
Exportação ,2018,Romênia,386991376
Exportação ,2018,Porto Rico,358974023
Exportação ,2018,Bulgária,344513537
Exportação ,2018,Cuba,342286948
Exportação ,2018,Israel,320910555
Exportação ,2018,Dinamarca,293212336
Exportação ,2018,Tunísia,284773848
Exportação ,2018,Líbano,270825255
Exportação ,2018,Catar,267644808
Exportação ,2018,Chipre,266243662
Exportação ,2018,Jordânia,263744396
Exportação ,2018,Iêmen,250791635
Exportação ,2018,Trinidad e Tobago,246991061
Exportação ,2018,Finlândia,241895499
Exportação ,2018,Líbia,227639851
Exportação ,2018,Guatemala,226896903
Exportação ,2018,Coveite (Kuweit),226812520
Exportação ,2018,Áustria,211757937
Exportação ,2018,Geórgia,203379182
Exportação ,2018,"Cayman, Ilhas",181649573
Exportação ,2018,Grécia,173455143
Exportação ,2018,Islândia,163757138
Exportação ,2018,Gana,151812342
Exportação ,2018,Benin,145297611
Exportação ,2018,Libéria,138497498
Exportação ,2018,"Marshall, Ilhas",128255749
Exportação ,2018,Bahamas,119199356
Exportação ,2018,Ucrânia,118550903
Exportação ,2018,Honduras,114882351
Exportação ,2018,Hungria,108753835
Exportação ,2018,Senegal,105692472
Exportação ,2018,Croácia,102938735
Exportação ,2018,El Salvador,101276348
Exportação ,2018,Belarus,100445378
Exportação ,2018,Nicarágua,94553330
Exportação ,2018,Gâmbia,89160621
Exportação ,2018,"Tcheca, República",84213004
Exportação ,2018,Togo,79113012
Exportação ,2018,Nova Zelândia,76992654
Exportação ,2018,Quênia,75664759
Exportação ,2018,Jamaica,73433737
Exportação ,2018,Azerbaijão,71773599
Exportação ,2018,Macau,71487613
Exportação ,2018,Malta,68876535
Exportação ,2018,Camarões,68048284
Exportação ,2018,Costa do Marfim,66048836
Exportação ,2018,Somália,60740620
Exportação ,2018,Síria,58938424
Exportação ,2018,Albânia,58757571
Exportação ,2018,Letônia,48224701
Exportação ,2018,Haiti,46232504
Exportação ,2018,Mauritânia,44212899
Exportação ,2018,Guiné,41813665
Exportação ,2018,Guiana,40266144
Exportação ,2018,Mianmar,39260187
Exportação ,2018,"Congo, República Democrática",38226754
Exportação ,2018,Uzbequistão,38166159
Exportação ,2018,Serra Leoa,38090838
Exportação ,2018,"Virgens, Ilhas (Americanas)",37013546
Exportação ,2018,Sérvia,36385215
Exportação ,2018,Cazaquistão,35737961
Exportação ,2018,Suriname,34491677
Exportação ,2018,Luxemburgo,33791717
Exportação ,2018,Gabão,33535258
Exportação ,2018,Estônia,32064225
Exportação ,2018,Eslováquia,30737463
Exportação ,2018,"Virgens, Ilhas (Britânicas)",29082554
Exportação ,2018,Palestina,28933273
Exportação ,2018,Níger,27641488
Exportação ,2018,Armênia,26341618
Exportação ,2018,Moçambique,26241400
Exportação ,2018,Etiópia,25792370
Exportação ,2018,Gibraltar,24369780
Exportação ,2018,Aruba,23175529
Exportação ,2018,Ilha de Man,22572195
Exportação ,2018,Djibuti,22121414
Exportação ,2018,Congo,21983854
Exportação ,2018,Lituânia,20703219
Exportação ,2018,Curaçao,20472841
Exportação ,2018,Sri Lanka,20045461
Exportação ,2018,"Turcas e Caicos, Ilhas",19862021
Exportação ,2018,Turcomenistão,19473347
Exportação ,2018,Madagascar,19085893
Exportação ,2018,Tanzânia,18802957
Exportação ,2018,Cabo Verde,18120992
Exportação ,2018,Macedônia,17409348
Exportação ,2018,Afeganistão,16994642
Exportação ,2018,Sudão,16657169
Exportação ,2018,Antígua e Barbuda,16161624
Exportação ,2018,Maldivas,15168499
Exportação ,2018,Barbados,13806082
Exportação ,2018,Montenegro,12996566
Exportação ,2018,Moldávia,12610827
Exportação ,2018,Maurício,12543293
Exportação ,2018,Mali,11540881
Exportação ,2018,Burkina Faso,10941342
Exportação ,2018,Guiné Equatorial,10672181
Exportação ,2018,Granada,8949267
Exportação ,2018,Guiana Francesa,8855434
Exportação ,2018,Camboja,8645477
Exportação ,2018,Guadalupe,8442419
Exportação ,2018,Timor Leste,7939051
Exportação ,2018,Zimbábue,7546959
Exportação ,2018,Tadjiquistão,7249749
Exportação ,2018,Zâmbia,7243308
Exportação ,2018,Uganda,6796882
Exportação ,2018,Seicheles,6738696
Exportação ,2018,Nova Caledônia,6680438
Exportação ,2018,Liechtenstein,6615515
Exportação ,2018,Namíbia,6608584
Exportação ,2018,Belize,6563408
Exportação ,2018,Martinica,5453526
Exportação ,2018,Sint Maarten,5362077
Exportação ,2018,Coreia do Norte,5315852
Exportação ,2018,Guiné-Bissau,4807526
Exportação ,2018,Antilhas Holandesas,4557712
Exportação ,2018,Mongólia,4254589
Exportação ,2018,Reunião,4140839
Exportação ,2018,Dominica,3966146
Exportação ,2018,Comores,3944968
Exportação ,2018,"Canárias, Ilhas",3475830
Exportação ,2018,São Cristóvão e Névis,3127210
Exportação ,2018,Bermudas,2908376
Exportação ,2018,Laos,2780634
Exportação ,2018,Papua Nova Guiné,2754544
Exportação ,2018,Mayotte,2689967
Exportação ,2018,Nepal,2330144
Exportação ,2018,São Tomé e Príncipe,2325861
Exportação ,2018,São Vicente e Granadinas,2262971
Exportação ,2018,São Bartolomeu,1630359
Exportação ,2018,Fiji,1394618
Exportação ,2018,Chade,1390196
Exportação ,2018,"Bonaire, Saint Eustatius e Saba",1244198
Exportação ,2018,Falkland (Malvinas),1189448
Exportação ,2018,Tonga,1175649
Exportação ,2018,República Centro-Africana,1068832
Exportação ,2018,Polinésia Francesa,1009650
Exportação ,2018,Bósnia-Herzegovina,986215
Exportação ,2018,Botsuana,983344
Exportação ,2018,Tuvalu,911815
Exportação ,2018,Brunei,909010
Exportação ,2018,Guam,902056
Exportação ,2018,Malavi,747314
Exportação ,2018,Anguilla,641873
Exportação ,2018,Samoa,588425
Exportação ,2018,Vanuatu,560076
Exportação ,2018,Antártica,443812
Exportação ,2018,Sudão do Sul,428399
Exportação ,2018,Ruanda,393202
Exportação ,2018,Niue,383458
Exportação ,2018,Andorra,382357
Exportação ,2018,Mônaco,366871
Exportação ,2018,Suazilândia,358891
Exportação ,2018,"Norfolk, Ilha",327667
Exportação ,2018,"Cook, Ilhas",323760
Exportação ,2018,"São Martinho, Ilha de (parte francesa)",250673
Exportação ,2018,"Pacífico, Ilhas do (EUA)",244868
Exportação ,2018,Pitcairn,243980
Exportação ,2018,Samoa Americana,213413
Exportação ,2018,"Salomão, Ilhas",174034
Exportação ,2018,Palau,162925
Exportação ,2018,Micronésia,148262
Exportação ,2018,San Marino,128690
Exportação ,2018,Quirguistão,97699
Exportação ,2018,"Wallis e Futuna, Ilhas",87064
Exportação ,2018,Brasil,67064
Exportação ,2018,Montserrat,66066
Exportação ,2018,Eritreia,63636
Exportação ,2018,Jersey,59104
Exportação ,2018,Kiribati,56855
Exportação ,2018,Nauru,56130
Exportação ,2018,"Aland, Ilhas",47519
Exportação ,2018,Burundi,42029
Exportação ,2018,Groenlândia,30875
Exportação ,2018,Território Britânico do Oceano Índico,19474
Exportação ,2018,Lesoto,13499
Exportação ,2018,"Marianas do Norte, Ilhas",13215
Exportação ,2018,Santa Helena,12238
Exportação ,2018,Terras Austrais Francesas,12186
Exportação ,2018,"Faroe, Ilhas",11247
Exportação ,2018,Guernsey,7382
Exportação ,2018,"Christmas (Navidad), Ilha",3400
Exportação ,2018,"Bouvet, Ilha",1028
Exportação ,2018,Toquelau,231
Exportação ,2018,Saara Ocidental,2
Exportação ,2017,China,47488449966
Exportação ,2017,Estados Unidos,26872491075
Exportação ,2017,Argentina,17618822550
Exportação ,2017,Países Baixos (Holanda),7416917751
Exportação ,2017,Japão,5261210829
Exportação ,2017,Chile,5031366706
Exportação ,2017,Alemanha,4911018150
Exportação ,2017,Índia,4657327590
Exportação ,2017,México,4514104147
Exportação ,2017,Espanha,3813820988
Exportação ,2017,Itália,3561003430
Exportação ,2017,Bélgica,3174543312
Exportação ,2017,Coreia do Sul,3077014473
Exportação ,2017,Reino Unido,2844192661
Exportação ,2017,Rússia,2736531853
Exportação ,2017,Canadá,2719391044
Exportação ,2017,Hong Kong,2682541516
Exportação ,2017,Arábia Saudita,2656719990
Exportação ,2017,Paraguai,2646222649
Exportação ,2017,Irã,2559657029
Exportação ,2017,Emirados Árabes Unidos,2508052810
Exportação ,2017,Colômbia,2507787228
Exportação ,2017,Malásia,2489584954
Exportação ,2017,Egito,2417986425
Exportação ,2017,Uruguai,2348121791
Exportação ,2017,Peru,2245333952
Exportação ,2017,Provisão de Navios e Aeronaves,2239924162
Exportação ,2017,França,2224352728
Exportação ,2017,Taiwan (Formosa),1834796732
Exportação ,2017,Singapura,1830865904
Exportação ,2017,Turquia,1820277137
Exportação ,2017,Tailândia,1788585499
Exportação ,2017,Indonésia,1771944232
Exportação ,2017,Vietnã,1732642449
Exportação ,2017,Bangladesh,1600077989
Exportação ,2017,África do Sul,1509611624
Exportação ,2017,Bolívia,1506169139
Exportação ,2017,Portugal,1432617571
Exportação ,2017,Argélia,1186019580
Exportação ,2017,Equador,836680780
Exportação ,2017,Iraque,810748752
Exportação ,2017,Suíça,792397263
Exportação ,2017,Noruega,774261122
Exportação ,2017,Nigéria,737142642
Exportação ,2017,Omã,695096189
Exportação ,2017,Angola,670449108
Exportação ,2017,Panamá,632979140
Exportação ,2017,Marrocos,615049530
Exportação ,2017,Paquistão,605230542
Exportação ,2017,Polônia,595854141
Exportação ,2017,República Dominicana,588458694
Exportação ,2017,Venezuela,469654975
Exportação ,2017,Suécia,466252542
Exportação ,2017,Israel,466008970
Exportação ,2017,Austrália,464718498
Exportação ,2017,Santa Lúcia,446890981
Exportação ,2017,Filipinas,443475461
Exportação ,2017,Catar,420284697
Exportação ,2017,Iêmen,403724936
Exportação ,2017,Eslovênia,399871440
Exportação ,2017,Cuba,346324736
Exportação ,2017,Barein,339418254
Exportação ,2017,Irlanda,324040681
Exportação ,2017,Dinamarca,317730373
Exportação ,2017,Romênia,302932858
Exportação ,2017,Finlândia,290087547
Exportação ,2017,Tunísia,286617501
Exportação ,2017,Costa Rica,277706595
Exportação ,2017,Guatemala,266616434
Exportação ,2017,Líbano,263496004
Exportação ,2017,Bahamas,261896894
Exportação ,2017,"Cayman, Ilhas",241520592
Exportação ,2017,Islândia,234072443
Exportação ,2017,Jordânia,223603360
Exportação ,2017,Coveite (Kuweit),222542487
Exportação ,2017,Gana,212434251
Exportação ,2017,Trinidad e Tobago,205204788
Exportação ,2017,Geórgia,194129886
Exportação ,2017,Hungria,181701805
Exportação ,2017,Porto Rico,173043469
Exportação ,2017,Quênia,169500498
Exportação ,2017,Líbia,160898034
Exportação ,2017,Mianmar,144758633
Exportação ,2017,Senegal,133459937
Exportação ,2017,Benin,130784522
Exportação ,2017,Ucrânia,129462620
Exportação ,2017,Áustria,127729207
Exportação ,2017,El Salvador,120202427
Exportação ,2017,Bulgária,116278249
Exportação ,2017,Honduras,116150420
Exportação ,2017,Nicarágua,113893142
Exportação ,2017,Grécia,108187656
Exportação ,2017,"Virgens, Ilhas (Americanas)",102037012
Exportação ,2017,Mauritânia,101987075
Exportação ,2017,Togo,96860648
Exportação ,2017,Estônia,95945429
Exportação ,2017,Camarões,93465655
Exportação ,2017,Gâmbia,90635596
Exportação ,2017,Nova Zelândia,83522748
Exportação ,2017,Croácia,75716034
Exportação ,2017,Síria,74565270
Exportação ,2017,Jamaica,73619134
Exportação ,2017,Azerbaijão,71094961
Exportação ,2017,"Tcheca, República",70697614
Exportação ,2017,Somália,69658942
Exportação ,2017,Haiti,68059645
Exportação ,2017,Maurício,67063697
Exportação ,2017,Sri Lanka,66211590
Exportação ,2017,Madagascar,63053194
Exportação ,2017,Djibuti,62185393
Exportação ,2017,Guiné,55943342
Exportação ,2017,Costa do Marfim,54778914
Exportação ,2017,Chipre,51728431
Exportação ,2017,Aruba,49825083
Exportação ,2017,Antilhas Holandesas,45761588
Exportação ,2017,Albânia,44788847
Exportação ,2017,Lituânia,43043389
Exportação ,2017,Sudão,42084695
Exportação ,2017,Serra Leoa,41632762
Exportação ,2017,Sérvia,40804011
Exportação ,2017,"Congo, República Democrática",38517175
Exportação ,2017,Suriname,34766489
Exportação ,2017,Guiana,33561015
Exportação ,2017,Luxemburgo,31114740
Exportação ,2017,Etiópia,30259497
Exportação ,2017,Moçambique,29954084
Exportação ,2017,Tanzânia,29844744
Exportação ,2017,Palestina,27360420
Exportação ,2017,"Canárias, Ilhas",26362000
Exportação ,2017,Gabão,26353058
Exportação ,2017,Libéria,25854204
Exportação ,2017,Eslováquia,24672945
Exportação ,2017,Armênia,24595621
Exportação ,2017,Cabo Verde,22749046
Exportação ,2017,Macedônia,18992826
Exportação ,2017,Congo,18343565
Exportação ,2017,Montenegro,17523750
Exportação ,2017,Eritreia,15357610
Exportação ,2017,Maldivas,15216186
Exportação ,2017,Malta,13685188
Exportação ,2017,Letônia,13027384
Exportação ,2017,Belarus,12422996
Exportação ,2017,Barbados,12189463
Exportação ,2017,Guiné Equatorial,11709643
Exportação ,2017,Namíbia,11107837
Exportação ,2017,Timor Leste,10690736
Exportação ,2017,Burkina Faso,9895083
Exportação ,2017,Martinica,9741061
Exportação ,2017,Seicheles,9461708
Exportação ,2017,Afeganistão,9276428
Exportação ,2017,Zâmbia,9242662
Exportação ,2017,Granada,8421350
Exportação ,2017,Antígua e Barbuda,7707353
Exportação ,2017,Guadalupe,7455181
Exportação ,2017,Nova Caledônia,7122378
Exportação ,2017,Mali,7083850
Exportação ,2017,Curaçao,6488604
Exportação ,2017,Camboja,6221807
Exportação ,2017,Belize,6109200
Exportação ,2017,Mongólia,5516094
Exportação ,2017,Uzbequistão,5291883
Exportação ,2017,Uganda,5148848
Exportação ,2017,Moldávia,5016132
Exportação ,2017,Cazaquistão,4931899
Exportação ,2017,Tadjiquistão,4385514
Exportação ,2017,Guiana Francesa,4334618
Exportação ,2017,"Virgens, Ilhas (Britânicas)",4021047
Exportação ,2017,São Cristóvão e Névis,3919571
Exportação ,2017,Guiné-Bissau,3740149
Exportação ,2017,Zimbábue,3465735
Exportação ,2017,Reunião,3374785
Exportação ,2017,Dominica,3152758
Exportação ,2017,"Marshall, Ilhas",3099326
Exportação ,2017,Papua Nova Guiné,3067663
Exportação ,2017,Nepal,2760344
Exportação ,2017,Comores,2649479
Exportação ,2017,Macau,2265929
Exportação ,2017,São Tomé e Príncipe,1838341
Exportação ,2017,Turcomenistão,1782593
Exportação ,2017,Bermudas,1580373
Exportação ,2017,São Vicente e Granadinas,1575909
Exportação ,2017,Laos,1563379
Exportação ,2017,Lesoto,1410972
Exportação ,2017,Fiji,1186673
Exportação ,2017,Tonga,1183707
Exportação ,2017,Coreia do Norte,1173596
Exportação ,2017,Bósnia-Herzegovina,1102830
Exportação ,2017,Botsuana,1089463
Exportação ,2017,Quirguistão,1070666
Exportação ,2017,Sint Maarten,1066984
Exportação ,2017,República Centro-Africana,1014507
Exportação ,2017,Polinésia Francesa,821805
Exportação ,2017,Suazilândia,795697
Exportação ,2017,Níger,790219
Exportação ,2017,Anguilla,789937
Exportação ,2017,Chade,784535
Exportação ,2017,Ruanda,770222
Exportação ,2017,Brunei,744137
Exportação ,2017,Samoa,720535
Exportação ,2017,Mônaco,668463
Exportação ,2017,"Turcas e Caicos, Ilhas",638927
Exportação ,2017,Malavi,629764
Exportação ,2017,São Bartolomeu,460844
Exportação ,2017,Niue,426355
Exportação ,2017,"Bonaire, Saint Eustatius e Saba",408119
Exportação ,2017,San Marino,390820
Exportação ,2017,Gibraltar,326776
Exportação ,2017,Guam,318224
Exportação ,2017,"Pacífico, Ilhas do (EUA)",235633
Exportação ,2017,Sudão do Sul,192130
Exportação ,2017,Vanuatu,176192
Exportação ,2017,Samoa Americana,165034
Exportação ,2017,Montserrat,133396
Exportação ,2017,Andorra,100953
Exportação ,2017,Burundi,100779
Exportação ,2017,Butão,93853
Exportação ,2017,Liechtenstein,86330
Exportação ,2017,"Salomão, Ilhas",86082
Exportação ,2017,Ilha de Man,83637
Exportação ,2017,"Cocos (Keeling), Ilhas",82200
Exportação ,2017,Micronésia,67787
Exportação ,2017,Kiribati,67264
Exportação ,2017,Pitcairn,51833
Exportação ,2017,"Wallis e Futuna, Ilhas",29317
Exportação ,2017,Tuvalu,28350
Exportação ,2017,Santa Helena,21843
Exportação ,2017,"Aland, Ilhas",21179
Exportação ,2017,"Johnston, Ilhas",15517
Exportação ,2017,A Designar,6206
Exportação ,2017,Vaticano,6154
Exportação ,2017,"Cook, Ilhas",1752
Exportação ,2017,"Canal, Ilhas do (Guernsey)",1133
Exportação ,2017,Groenlândia,355
Exportação ,2017,Palau,214
Exportação ,2017,"Lebuan, Ilhas",177
Exportação ,2016,China,35133314867
Exportação ,2016,Estados Unidos,23155033824
Exportação ,2016,Argentina,13417339572
Exportação ,2016,Países Baixos (Holanda),6954511332
Exportação ,2016,Alemanha,4860766756
Exportação ,2016,Japão,4604146067
Exportação ,2016,Chile,4080526602
Exportação ,2016,México,3813037793
Exportação ,2016,Itália,3321622069
Exportação ,2016,Bélgica,3232960330
Exportação ,2016,Índia,3161432097
Exportação ,2016,Coreia do Sul,2881006714
Exportação ,2016,Reino Unido,2841337556
Exportação ,2016,Uruguai,2743829463
Exportação ,2016,Espanha,2604249965
Exportação ,2016,Arábia Saudita,2487253111
Exportação ,2016,Canadá,2365967102
Exportação ,2016,França,2307750041
Exportação ,2016,Rússia,2299894613
Exportação ,2016,Hong Kong,2261480735
Exportação ,2016,Emirados Árabes Unidos,2235068415
Exportação ,2016,Irã,2232512050
Exportação ,2016,Colômbia,2231079816
Exportação ,2016,Paraguai,2220841458
Exportação ,2016,Indonésia,2204403944
Exportação ,2016,Peru,1948437570
Exportação ,2016,Malásia,1842180468
Exportação ,2016,Egito,1772017724
Exportação ,2016,Provisão de Navios e Aeronaves,1731498659
Exportação ,2016,Tailândia,1714704337
Exportação ,2016,Turquia,1446118810
Exportação ,2016,Taiwan (Formosa),1445014104
Exportação ,2016,Bolívia,1428155433
Exportação ,2016,Vietnã,1398745712
Exportação ,2016,África do Sul,1397021495
Exportação ,2016,Singapura,1301983286
Exportação ,2016,Venezuela,1280704652
Exportação ,2016,Bangladesh,1091413782
Exportação ,2016,Argélia,1063292078
Exportação ,2016,Suíça,849806184
Exportação ,2016,Nigéria,731352631
Exportação ,2016,Noruega,728529340
Exportação ,2016,Portugal,654463848
Exportação ,2016,Equador,653583444
Exportação ,2016,República Dominicana,580259646
Exportação ,2016,Angola,539731115
Exportação ,2016,Suécia,514496043
Exportação ,2016,Omã,492356482
Exportação ,2016,Marrocos,488509327
Exportação ,2016,Iraque,455498922
Exportação ,2016,Filipinas,436271310
Exportação ,2016,Paquistão,433362449
Exportação ,2016,Eslovênia,428003821
Exportação ,2016,Polônia,427732756
Exportação ,2016,Israel,424961925
Exportação ,2016,Austrália,419793787
Exportação ,2016,Iêmen,384358666
Exportação ,2016,Catar,378007009
Exportação ,2016,Santa Lúcia,366785254
Exportação ,2016,Bahamas,334943730
Exportação ,2016,Cuba,321439180
Exportação ,2016,Panamá,308604535
Exportação ,2016,Costa Rica,301611817
Exportação ,2016,Finlândia,281195237
Exportação ,2016,Líbano,280434353
Exportação ,2016,Barein,260020877
Exportação ,2016,Dinamarca,244615433
Exportação ,2016,Geórgia,242861365
Exportação ,2016,Irlanda,216759198
Exportação ,2016,Romênia,214586424
Exportação ,2016,Gana,213415083
Exportação ,2016,Coveite (Kuweit),197832516
Exportação ,2016,Hungria,197729211
Exportação ,2016,Tunísia,197235586
Exportação ,2016,Guatemala,194928772
Exportação ,2016,Trinidad e Tobago,188160322
Exportação ,2016,Mianmar,185185078
Exportação ,2016,Jordânia,184161132
Exportação ,2016,Sri Lanka,160832526
Exportação ,2016,"Cayman, Ilhas",157473067
Exportação ,2016,Líbia,141496151
Exportação ,2016,Antilhas Holandesas,134280755
Exportação ,2016,Grécia,126230657
Exportação ,2016,Mauritânia,119896798
Exportação ,2016,Porto Rico,118223630
Exportação ,2016,Síria,105826308
Exportação ,2016,Nicarágua,103475688
Exportação ,2016,Bulgária,102503736
Exportação ,2016,Ucrânia,101057661
Exportação ,2016,Honduras,100952897
Exportação ,2016,Croácia,98264010
Exportação ,2016,Nova Zelândia,96784854
Exportação ,2016,Djibuti,89588601
Exportação ,2016,Áustria,88317821
Exportação ,2016,"Virgens, Ilhas (Britânicas)",87819453
Exportação ,2016,El Salvador,87560356
Exportação ,2016,Senegal,86360764
Exportação ,2016,Islândia,82166949
Exportação ,2016,Gâmbia,82097988
Exportação ,2016,Somália,81423742
Exportação ,2016,Benin,71094635
Exportação ,2016,Aruba,64710695
Exportação ,2016,Togo,58997349
Exportação ,2016,Quênia,58927299
Exportação ,2016,Jamaica,58210728
Exportação ,2016,Estônia,57074396
Exportação ,2016,Moçambique,50564774
Exportação ,2016,Mali,48144190
Exportação ,2016,Costa do Marfim,47031871
Exportação ,2016,Camarões,42167149
Exportação ,2016,"Congo, República Democrática",41429818
Exportação ,2016,Sérvia,39924009
Exportação ,2016,Haiti,39706403
Exportação ,2016,Albânia,39335464
Exportação ,2016,Armênia,38577532
Exportação ,2016,"Tcheca, República",35475500
Exportação ,2016,Guiné,35426276
Exportação ,2016,Maurício,34710638
Exportação ,2016,Lituânia,31577949
Exportação ,2016,Congo,31029109
Exportação ,2016,Sudão,30414563
Exportação ,2016,Madagascar,30391831
Exportação ,2016,Palestina,27894419
Exportação ,2016,Gabão,27515360
Exportação ,2016,Ilha de Man,27375692
Exportação ,2016,Suriname,26667793
Exportação ,2016,Libéria,26168793
Exportação ,2016,Guiana,25823415
Exportação ,2016,Montenegro,25654840
Exportação ,2016,"Virgens, Ilhas (Americanas)",25454872
Exportação ,2016,"Canárias, Ilhas",25417672
Exportação ,2016,Serra Leoa,24262267
Exportação ,2016,Chipre,24154132
Exportação ,2016,Namíbia,24012634
Exportação ,2016,Eslováquia,23320130
Exportação ,2016,Eritreia,22447176
Exportação ,2016,Letônia,20739576
Exportação ,2016,Cabo Verde,19740798
Exportação ,2016,Guiné Equatorial,19649255
Exportação ,2016,Tanzânia,17981631
Exportação ,2016,Macedônia,16591724
Exportação ,2016,Maldivas,14342926
Exportação ,2016,Malta,14018208
Exportação ,2016,Etiópia,13647333
Exportação ,2016,Uzbequistão,13546336
Exportação ,2016,Barbados,13353329
Exportação ,2016,Azerbaijão,11105651
Exportação ,2016,Luxemburgo,10959314
Exportação ,2016,Belarus,10362353
Exportação ,2016,Guadalupe,10026647
Exportação ,2016,Seicheles,9758965
Exportação ,2016,Martinica,9316534
Exportação ,2016,Afeganistão,8782814
Exportação ,2016,Zâmbia,8765788
Exportação ,2016,Granada,7639732
Exportação ,2016,Antígua e Barbuda,6709390
Exportação ,2016,Timor Leste,6627312
Exportação ,2016,República Centro-Africana,6198178
Exportação ,2016,Camboja,5942577
Exportação ,2016,Nova Caledônia,5170575
Exportação ,2016,Belize,5072509
Exportação ,2016,Curaçao,4643376
Exportação ,2016,Botsuana,4042805
Exportação ,2016,Uganda,3977380
Exportação ,2016,Guiana Francesa,3970451
Exportação ,2016,Reunião,3266097
Exportação ,2016,Dominica,3128927
Exportação ,2016,Tadjiquistão,3047271
Exportação ,2016,São Cristóvão e Névis,2941060
Exportação ,2016,Papua Nova Guiné,2839170
Exportação ,2016,"Marshall, Ilhas",2655525
Exportação ,2016,Zimbábue,2645592
Exportação ,2016,Guiné-Bissau,2410816
Exportação ,2016,Moldávia,2351492
Exportação ,2016,Quirguistão,2309384
Exportação ,2016,Cazaquistão,2187026
Exportação ,2016,São Vicente e Granadinas,2054436
Exportação ,2016,Coreia do Norte,2051942
Exportação ,2016,Chade,1996531
Exportação ,2016,Mongólia,1973496
Exportação ,2016,Comores,1912333
Exportação ,2016,Bermudas,1734200
Exportação ,2016,Suazilândia,1698535
Exportação ,2016,Burkina Faso,1262032
Exportação ,2016,Polinésia Francesa,1207579
Exportação ,2016,Bósnia-Herzegovina,1196567
Exportação ,2016,São Tomé e Príncipe,1158233
Exportação ,2016,Nepal,1130671
Exportação ,2016,Palau,1093744
Exportação ,2016,Fiji,1070553
Exportação ,2016,Ruanda,947796
Exportação ,2016,Tonga,880677
Exportação ,2016,Anguilla,737652
Exportação ,2016,Laos,695348
Exportação ,2016,Samoa,678266
Exportação ,2016,Sudão do Sul,665278
Exportação ,2016,Brunei,592149
Exportação ,2016,Turcomenistão,519378
Exportação ,2016,"Turcas e Caicos, Ilhas",503895
Exportação ,2016,Lesoto,494418
Exportação ,2016,Níger,484929
Exportação ,2016,"Bonaire, Saint Eustatius e Saba",463677
Exportação ,2016,Malavi,429493
Exportação ,2016,Sint Maarten,370198
Exportação ,2016,São Bartolomeu,362188
Exportação ,2016,Guam,329656
Exportação ,2016,Liechtenstein,320302
Exportação ,2016,Macau,312829
Exportação ,2016,Mônaco,303891
Exportação ,2016,Toquelau,288263
Exportação ,2016,Micronésia,223684
Exportação ,2016,"Pacífico, Ilhas do (EUA)",221676
Exportação ,2016,Gibraltar,211461
Exportação ,2016,Kiribati,173953
Exportação ,2016,Butão,154447
Exportação ,2016,Niue,132943
Exportação ,2016,"Salomão, Ilhas",110161
Exportação ,2016,Andorra,80493
Exportação ,2016,Montserrat,77499
Exportação ,2016,Burundi,77481
Exportação ,2016,Vanuatu,74476
Exportação ,2016,San Marino,56134
Exportação ,2016,Samoa Americana,52205
Exportação ,2016,Groenlândia,35580
Exportação ,2016,"Faroe, Ilhas",27516
Exportação ,2016,"Lebuan, Ilhas",24603
Exportação ,2016,Santa Helena,16140
Exportação ,2016,"Johnston, Ilhas",7983
Exportação ,2016,"Wallis e Futuna, Ilhas",6525
Exportação ,2016,Nauru,4029
Exportação ,2016,"Canal, Ilhas do (Guernsey)",3258
Exportação ,2016,Tuvalu,2338
Exportação ,2016,"Cocos (Keeling), Ilhas",2180
Exportação ,2016,"Aland, Ilhas",1054
Exportação ,2016,A Designar,438
Exportação ,2015,China,35155353691
Exportação ,2015,Estados Unidos,24037439900
Exportação ,2015,Argentina,12793412815
Exportação ,2015,Países Baixos (Holanda),7818909467
Exportação ,2015,Alemanha,5177952550
Exportação ,2015,Japão,4843041529
Exportação ,2015,Chile,3977939847
Exportação ,2015,Índia,3617195206
Exportação ,2015,México,3585817584
Exportação ,2015,Itália,3269828953
Exportação ,2015,Coreia do Sul,3122050219
Exportação ,2015,Bélgica,2989323071
Exportação ,2015,Venezuela,2954318802
Exportação ,2015,Espanha,2942939740
Exportação ,2015,Reino Unido,2906889380
Exportação ,2015,Arábia Saudita,2750066382
Exportação ,2015,Uruguai,2726537719
Exportação ,2015,Emirados Árabes Unidos,2503154435
Exportação ,2015,Paraguai,2473259309
Exportação ,2015,Rússia,2463242914
Exportação ,2015,Provisão de Navios e Aeronaves,2419263396
Exportação ,2015,Canadá,2362290119
Exportação ,2015,França,2245249903
Exportação ,2015,Indonésia,2180349131
Exportação ,2015,Vietnã,2123972982
Exportação ,2015,Colômbia,2113831723
Exportação ,2015,Hong Kong,2099027357
Exportação ,2015,Egito,2055849447
Exportação ,2015,Malásia,1829607184
Exportação ,2015,Peru,1815220905
Exportação ,2015,Tailândia,1746082501
Exportação ,2015,Irã,1666185295
Exportação ,2015,Taiwan (Formosa),1574078988
Exportação ,2015,Bolívia,1481873074
Exportação ,2015,Singapura,1354767255
Exportação ,2015,África do Sul,1353281612
Exportação ,2015,Turquia,1335347495
Exportação ,2015,Bangladesh,1147400136
Exportação ,2015,Suíça,1065426071
Exportação ,2015,Argélia,992882604
Exportação ,2015,Portugal,819914320
Exportação ,2015,Filipinas,728529762
Exportação ,2015,Nigéria,688375846
Exportação ,2015,Noruega,678810171
Exportação ,2015,Santa Lúcia,672825717
Exportação ,2015,Equador,664883582
Exportação ,2015,Angola,645230155
Exportação ,2015,Bahamas,593539486
Exportação ,2015,Omã,583887937
Exportação ,2015,Antilhas Holandesas,532637898
Exportação ,2015,República Dominicana,522840211
Exportação ,2015,Cuba,513507613
Exportação ,2015,Suécia,503456766
Exportação ,2015,Polônia,494901520
Exportação ,2015,Marrocos,494263366
Exportação ,2015,Austrália,400163472
Exportação ,2015,Irlanda,383422698
Exportação ,2015,Eslovênia,380791103
Exportação ,2015,Israel,380547461
Exportação ,2015,Catar,356953936
Exportação ,2015,Dinamarca,321894260
Exportação ,2015,Barein,309106623
Exportação ,2015,Iraque,306583030
Exportação ,2015,Panamá,304702628
Exportação ,2015,Tunísia,302968833
Exportação ,2015,Paquistão,297853140
Exportação ,2015,Islândia,292864900
Exportação ,2015,Líbano,286388214
Exportação ,2015,Finlândia,269320136
Exportação ,2015,Costa Rica,267420069
Exportação ,2015,Trinidad e Tobago,266543199
Exportação ,2015,Romênia,242329934
Exportação ,2015,Jordânia,241856606
Exportação ,2015,Coveite (Kuweit),239389928
Exportação ,2015,Hungria,239038298
Exportação ,2015,Guatemala,224310403
Exportação ,2015,Iêmen,214301925
Exportação ,2015,Geórgia,194406000
Exportação ,2015,Gana,182986567
Exportação ,2015,Líbia,147870040
Exportação ,2015,Mauritânia,141696324
Exportação ,2015,Áustria,139100372
Exportação ,2015,Porto Rico,135836596
Exportação ,2015,Senegal,131900123
Exportação ,2015,Bulgária,117910940
Exportação ,2015,Grécia,117019918
Exportação ,2015,Sri Lanka,116652976
Exportação ,2015,Benin,109898815
Exportação ,2015,El Salvador,106196907
Exportação ,2015,Honduras,102248023
Exportação ,2015,Nicarágua,94036913
Exportação ,2015,Ucrânia,84450926
Exportação ,2015,Gâmbia,78989961
Exportação ,2015,Croácia,78607504
Exportação ,2015,Síria,69452197
Exportação ,2015,Moçambique,69099529
Exportação ,2015,Togo,67857031
Exportação ,2015,Camarões,67369143
Exportação ,2015,Congo,66795578
Exportação ,2015,Nova Zelândia,64200352
Exportação ,2015,Quênia,60559246
Exportação ,2015,Jamaica,59242027
Exportação ,2015,"Cayman, Ilhas",56099815
Exportação ,2015,Guiné,53888774
Exportação ,2015,Lituânia,52102571
Exportação ,2015,Costa do Marfim,47049758
Exportação ,2015,Palestina,47004018
Exportação ,2015,Serra Leoa,45749022
Exportação ,2015,"Congo, República Democrática",41960194
Exportação ,2015,Mianmar,40138331
Exportação ,2015,Maurício,39921529
Exportação ,2015,Suriname,38426458
Exportação ,2015,Haiti,37735305
Exportação ,2015,Somália,36870683
Exportação ,2015,Albânia,36546211
Exportação ,2015,Gabão,36458808
Exportação ,2015,Luxemburgo,36379805
Exportação ,2015,Sérvia,33197080
Exportação ,2015,Estônia,32767888
Exportação ,2015,Aruba,30301263
Exportação ,2015,"Canárias, Ilhas",28515674
Exportação ,2015,Letônia,26581190
Exportação ,2015,Libéria,26412010
Exportação ,2015,"Tcheca, República",26071991
Exportação ,2015,Azerbaijão,25940482
Exportação ,2015,Guiné Equatorial,25190992
Exportação ,2015,Liechtenstein,23455724
Exportação ,2015,Sudão,23370347
Exportação ,2015,Madagascar,22734199
Exportação ,2015,Etiópia,21962083
Exportação ,2015,Guiana,21874361
Exportação ,2015,Montenegro,21474075
Exportação ,2015,Cabo Verde,21324068
Exportação ,2015,Eslováquia,21272614
Exportação ,2015,Armênia,20844202
Exportação ,2015,Macedônia,17715776
Exportação ,2015,Tanzânia,16779350
Exportação ,2015,Barbados,16405325
Exportação ,2015,"Virgens, Ilhas (Britânicas)",15561494
Exportação ,2015,Malta,15425875
Exportação ,2015,Djibuti,14339864
Exportação ,2015,Maldivas,12407998
Exportação ,2015,Belarus,11970035
Exportação ,2015,"Marshall, Ilhas",11610227
Exportação ,2015,Zimbábue,11178157
Exportação ,2015,Uzbequistão,9912679
Exportação ,2015,Chipre,9271686
Exportação ,2015,Guadalupe,8760671
Exportação ,2015,Ilha de Man,8692326
Exportação ,2015,Cazaquistão,8107355
Exportação ,2015,Mali,7977850
Exportação ,2015,Seicheles,7708524
Exportação ,2015,Granada,7689899
Exportação ,2015,Belize,7559875
Exportação ,2015,Martinica,7109132
Exportação ,2015,Namíbia,7020710
Exportação ,2015,Afeganistão,6706901
Exportação ,2015,Timor Leste,6228732
Exportação ,2015,Nova Caledônia,6222863
Exportação ,2015,Antígua e Barbuda,6019469
Exportação ,2015,Uganda,5967203
Exportação ,2015,Guiana Francesa,5800440
Exportação ,2015,Zâmbia,5334118
Exportação ,2015,Botsuana,3822357
Exportação ,2015,Camboja,3394426
Exportação ,2015,"Turcas e Caicos, Ilhas",3341907
Exportação ,2015,Papua Nova Guiné,3335192
Exportação ,2015,São Vicente e Granadinas,3285101
Exportação ,2015,São Cristóvão e Névis,3277384
Exportação ,2015,Reunião,2918296
Exportação ,2015,Quirguistão,2889667
Exportação ,2015,Guiné-Bissau,2885872
Exportação ,2015,Turcomenistão,2747288
Exportação ,2015,Tadjiquistão,2741947
Exportação ,2015,Dominica,2711670
Exportação ,2015,Coreia do Norte,2482040
Exportação ,2015,Moldávia,2093183
Exportação ,2015,Bermudas,1877206
Exportação ,2015,República Centro-Africana,1737356
Exportação ,2015,Brunei,1346483
Exportação ,2015,Eritreia,1280226
Exportação ,2015,Mongólia,1194527
Exportação ,2015,Chade,1188659
Exportação ,2015,Malavi,1157224
Exportação ,2015,Fiji,1031909
Exportação ,2015,Polinésia Francesa,975891
Exportação ,2015,Bósnia-Herzegovina,924707
Exportação ,2015,Burkina Faso,893158
Exportação ,2015,São Tomé e Príncipe,881964
Exportação ,2015,Comores,869352
Exportação ,2015,Tonga,868648
Exportação ,2015,Nepal,831958
Exportação ,2015,Níger,754681
Exportação ,2015,Anguilla,716610
Exportação ,2015,Ruanda,698475
Exportação ,2015,Sudão do Sul,692002
Exportação ,2015,Macau,497029
Exportação ,2015,Samoa,375494
Exportação ,2015,Suazilândia,360871
Exportação ,2015,"Salomão, Ilhas",324501
Exportação ,2015,Mônaco,260018
Exportação ,2015,Niue,253680
Exportação ,2015,Vanuatu,220889
Exportação ,2015,Micronésia,211771
Exportação ,2015,Laos,205573
Exportação ,2015,"Pacífico, Ilhas do (EUA)",187625
Exportação ,2015,"Virgens, Ilhas (Americanas)",177698
Exportação ,2015,Andorra,152825
Exportação ,2015,Gibraltar,147857
Exportação ,2015,Burundi,115392
Exportação ,2015,Falkland (Malvinas),111864
Exportação ,2015,Guam,102542
Exportação ,2015,"Faroe, Ilhas",55893
Exportação ,2015,Sint Maarten,41009
Exportação ,2015,Samoa Americana,40679
Exportação ,2015,Kiribati,34099
Exportação ,2015,"Canal, Ilhas do (Guernsey)",22289
Exportação ,2015,Curaçao,19063
Exportação ,2015,"Lebuan, Ilhas",16127
Exportação ,2015,Lesoto,14111
Exportação ,2015,"Cook, Ilhas",12558
Exportação ,2015,Groenlândia,8913
Exportação ,2015,San Marino,8337
Exportação ,2015,Montserrat,6026
Exportação ,2015,Santa Helena,4603
Exportação ,2015,Butão,4465
Exportação ,2015,A Designar,3263
Exportação ,2015,"Johnston, Ilhas",2113
Exportação ,2015,São Bartolomeu,2047
Exportação ,2015,Pitcairn,362
Exportação ,2015,"Midway, Ilhas",88
Exportação ,2015,"Marianas do Norte, Ilhas",76
Exportação ,2015,"Cocos (Keeling), Ilhas",43
